MÊS,PRODUTO,NÚMERO DE POSTOS PESQUISADOS,UNIDADE DE MEDIDA,PRECO MÉDIO REVENDA,DESVIO PADRÃO REVENDA,PRECO MÍNIMO REVENDA,PRECO MÁXIMO REVENDA,MARGEM MÉDIA REVENDA,COEF DE VARIAÇÃO REVENDA,PRECO MÉDIO DISTRIBUIÇÃO,DESVIO PADRÃO DISTRIBUIÇÃO,PRECO MÍNIMO DISTRIBUIÇÃO,PRECO MÁXIMO DISTRIBUIÇÃO,COEF DE VARIAÇÃO DISTRIBUIÇÃO
Jul/01,ETANOL HIDRATADO,17899,R$/l,1.009,0.165,0.639,1.580,0.193,0.163,0.816,0.156,0.318,1.578,0.192
Aug/01,ETANOL HIDRATADO,28796,R$/l,1.014,0.173,0.649,1.650,0.208,0.171,0.806,0.155,0.400,1.342,0.193
Sep/01,ETANOL HIDRATADO,32994,R$/l,1.027,0.173,0.630,1.790,0.218,0.168,0.809,0.157,0.380,1.421,0.194
Oct/01,ETANOL HIDRATADO,42036,R$/l,1.039,0.166,0.650,1.880,0.224,0.160,0.816,0.150,0.400,1.337,0.184
Nov/01,ETANOL HIDRATADO,34592,R$/l,1.033,0.167,0.670,1.880,0.217,0.162,0.815,0.149,0.410,1.287,0.183
Dec/01,ETANOL HIDRATADO,38506,R$/l,1.029,0.166,0.670,1.880,0.213,0.161,0.816,0.147,0.400,1.338,0.181
Jan/02,ETANOL HIDRATADO,41454,R$/l,1.019,0.164,0.600,1.880,0.206,0.161,0.813,0.142,0.410,1.338,0.175
Feb/02,ETANOL HIDRATADO,36490,R$/l,1.010,0.162,0.679,1.880,0.201,0.160,0.809,0.142,0.410,1.300,0.176
Mar/02,ETANOL HIDRATADO,36486,R$/l,1.010,0.162,0.659,1.700,0.205,0.160,0.805,0.145,0.410,1.310,0.180
Apr/02,ETANOL HIDRATADO,45003,R$/l,1.010,0.158,0.659,1.700,0.208,0.157,0.801,0.142,0.320,1.310,0.177
May/02,ETANOL HIDRATADO,46918,R$/l,1.002,0.158,0.659,1.700,0.208,0.158,0.793,0.143,0.410,1.298,0.180
Jun/02,ETANOL HIDRATADO,36794,R$/l,0.991,0.166,0.537,1.700,0.214,0.167,0.777,0.157,0.387,1.385,0.202
Jul/02,ETANOL HIDRATADO,54610,R$/l,0.940,0.190,0.500,1.700,0.223,0.202,0.717,0.176,0.367,1.330,0.246
Aug/02,ETANOL HIDRATADO,44339,R$/l,0.912,0.181,0.539,1.700,0.223,0.199,0.689,0.156,0.377,1.330,0.227
Sep/02,ETANOL HIDRATADO,37893,R$/l,0.935,0.161,0.589,1.700,0.215,0.172,0.720,0.139,0.364,1.336,0.192
Oct/02,ETANOL HIDRATADO,39232,R$/l,1.014,0.140,0.649,1.700,0.209,0.138,0.804,0.125,0.379,1.336,0.156
Nov/02,ETANOL HIDRATADO,34131,R$/l,1.298,0.167,0.830,1.870,0.315,0.129,0.984,0.170,0.475,1.628,0.173
Dec/02,ETANOL HIDRATADO,42188,R$/l,1.313,0.169,0.799,1.970,0.250,0.129,1.064,0.165,0.490,1.879,0.156
Jan/03,ETANOL HIDRATADO,34542,R$/l,1.386,0.151,0.939,1.984,0.248,0.109,1.138,0.144,0.442,1.697,0.127
Feb/03,ETANOL HIDRATADO,34029,R$/l,1.569,0.181,1.099,2.490,0.312,0.116,1.257,0.171,0.505,1.987,0.136
Mar/03,ETANOL HIDRATADO,36919,R$/l,1.586,0.195,1.130,2.600,0.271,0.123,1.314,0.195,0.550,2.180,0.149
Apr/03,ETANOL HIDRATADO,39413,R$/l,1.562,0.215,1.087,2.600,0.254,0.138,1.308,0.209,0.695,2.527,0.159
May/03,ETANOL HIDRATADO,33844,R$/l,1.506,0.232,0.899,2.600,0.236,0.154,1.270,0.223,0.732,2.527,0.175
Jun/03,ETANOL HIDRATADO,37652,R$/l,1.348,0.299,0.690,2.600,0.234,0.222,1.114,0.288,0.487,2.526,0.258
Jul/03,ETANOL HIDRATADO,39130,R$/l,1.203,0.298,0.679,2.550,0.270,0.248,0.933,0.273,0.373,2.526,0.293
Aug/03,ETANOL HIDRATADO,33552,R$/l,1.208,0.252,0.720,2.550,0.288,0.208,0.920,0.215,0.431,2.180,0.233
Sep/03,ETANOL HIDRATADO,40369,R$/l,1.233,0.243,0.729,2.400,0.274,0.197,0.959,0.204,0.468,2.034,0.213
Oct/03,ETANOL HIDRATADO,35025,R$/l,1.201,0.253,0.690,2.400,0.288,0.211,0.913,0.211,0.404,1.870,0.231
Nov/03,ETANOL HIDRATADO,33409,R$/l,1.176,0.246,0.690,2.400,0.294,0.210,0.882,0.187,0.412,1.870,0.212
Dec/03,ETANOL HIDRATADO,41598,R$/l,1.191,0.229,0.749,2.400,0.280,0.192,0.911,0.166,0.483,1.870,0.183
Jan/04,ETANOL HIDRATADO,33157,R$/l,1.205,0.229,0.730,2.400,0.267,0.190,0.938,0.172,0.555,1.770,0.183
Feb/04,ETANOL HIDRATADO,33194,R$/l,1.170,0.257,0.559,2.400,0.289,0.220,0.882,0.219,0.339,1.941,0.248
Mar/04,ETANOL HIDRATADO,41415,R$/l,1.055,0.293,0.499,2.400,0.310,0.278,0.744,0.236,0.278,1.979,0.317
Apr/04,ETANOL HIDRATADO,33285,R$/l,1.032,0.263,0.559,2.400,0.302,0.255,0.730,0.198,0.297,1.891,0.272
May/04,ETANOL HIDRATADO,40002,R$/l,1.289,0.257,0.590,2.400,0.381,0.199,0.908,0.186,0.326,1.891,0.205
Jun/04,ETANOL HIDRATADO,52287,R$/l,1.359,0.237,0.669,2.400,0.379,0.174,0.980,0.183,0.340,1.871,0.187
Jul/04,ETANOL HIDRATADO,46315,R$/l,1.381,0.234,0.699,2.400,0.366,0.169,1.015,0.185,0.380,1.847,0.182
Aug/04,ETANOL HIDRATADO,55852,R$/l,1.462,0.225,0.690,2.320,0.350,0.154,1.112,0.188,0.379,1.850,0.169
Sep/04,ETANOL HIDRATADO,48033,R$/l,1.487,0.233,0.810,2.250,0.333,0.157,1.154,0.197,0.436,1.897,0.171
Oct/04,ETANOL HIDRATADO,46140,R$/l,1.534,0.211,0.869,2.484,0.334,0.138,1.200,0.185,0.436,1.878,0.154
Nov/04,ETANOL HIDRATADO,54839,R$/l,1.445,0.219,0.990,2.372,0.269,0.152,1.176,0.190,0.466,2.085,0.162
Dec/04,ETANOL HIDRATADO,48415,R$/l,1.478,0.242,1.050,2.372,0.277,0.164,1.201,0.222,0.466,1.993,0.185
Jan/05,ETANOL HIDRATADO,53931,R$/l,1.460,0.248,0.979,2.372,0.272,0.170,1.188,0.229,0.741,2.027,0.193
Feb/05,ETANOL HIDRATADO,43138,R$/l,1.448,0.254,0.990,2.372,0.206,0.175,1.242,0.237,0.480,2.088,0.191
Mar/05,ETANOL HIDRATADO,52519,R$/l,1.444,0.250,0.990,2.372,0.207,0.173,1.237,0.230,0.480,2.005,0.186
Apr/05,ETANOL HIDRATADO,45994,R$/l,1.451,0.259,0.999,2.372,0.207,0.178,1.244,0.235,0.480,1.966,0.189
May/05,ETANOL HIDRATADO,54816,R$/l,1.354,0.299,0.760,2.385,0.224,0.221,1.130,0.291,0.600,1.995,0.258
Jun/05,ETANOL HIDRATADO,48750,R$/l,1.210,0.328,0.759,2.385,0.208,0.271,1.002,0.288,0.512,1.975,0.287
Jul/05,ETANOL HIDRATADO,46050,R$/l,1.256,0.292,0.820,2.385,0.208,0.232,1.048,0.254,0.587,1.985,0.242
Aug/05,ETANOL HIDRATADO,29697,R$/l,1.271,0.286,0.799,2.385,0.211,0.225,1.060,0.249,0.557,1.991,0.235
Sep/05,ETANOL HIDRATADO,29556,R$/l,1.308,0.259,0.870,2.399,0.264,0.198,1.044,0.214,0.506,1.890,0.205
Oct/05,ETANOL HIDRATADO,40650,R$/l,1.434,0.223,0.949,2.372,0.229,0.156,1.205,0.197,0.701,1.979,0.163
Nov/05,ETANOL HIDRATADO,52504,R$/l,1.450,0.234,1.090,2.410,0.193,0.161,1.257,0.208,0.830,2.067,0.165
Dec/05,ETANOL HIDRATADO,45823,R$/l,1.536,0.226,1.089,2.550,0.199,0.147,1.337,0.197,0.820,2.166,0.147
Jan/06,ETANOL HIDRATADO,52997,R$/l,1.693,0.231,1.149,2.620,0.208,0.136,1.485,0.200,0.990,2.190,0.135
Feb/06,ETANOL HIDRATADO,39296,R$/l,1.732,0.238,1.290,2.650,0.199,0.137,1.533,0.215,1.050,2.211,0.140
Mar/06,ETANOL HIDRATADO,51989,R$/l,1.950,0.243,1.399,2.910,0.249,0.125,1.701,0.212,1.145,2.692,0.125
Apr/06,ETANOL HIDRATADO,43394,R$/l,1.943,0.283,1.290,3.150,0.223,0.146,1.720,0.267,1.099,2.952,0.155
May/06,ETANOL HIDRATADO,51907,R$/l,1.710,0.356,1.089,3.150,0.230,0.208,1.480,0.357,0.900,2.925,0.241
Jun/06,ETANOL HIDRATADO,45614,R$/l,1.555,0.339,1.089,2.840,0.220,0.218,1.335,0.313,0.875,2.692,0.234
Jul/06,ETANOL HIDRATADO,46215,R$/l,1.571,0.306,1.080,2.800,0.222,0.195,1.349,0.272,0.899,2.321,0.202
Aug/06,ETANOL HIDRATADO,53363,R$/l,1.576,0.298,1.060,3.150,0.225,0.189,1.351,0.275,0.842,2.312,0.204
Sep/06,ETANOL HIDRATADO,44288,R$/l,1.515,0.320,0.979,2.800,0.248,0.211,1.267,0.298,0.830,2.300,0.235
Oct/06,ETANOL HIDRATADO,44121,R$/l,1.466,0.320,0.979,2.800,0.250,0.218,1.216,0.283,0.800,2.287,0.233
Nov/06,ETANOL HIDRATADO,43874,R$/l,1.448,0.306,0.990,2.890,0.242,0.211,1.206,0.257,0.800,2.220,0.213
Dec/06,ETANOL HIDRATADO,39867,R$/l,1.448,0.290,0.999,2.800,0.238,0.200,1.210,0.239,0.868,2.235,0.198
Jan/07,ETANOL HIDRATADO,53047,R$/l,1.544,0.237,1.090,2.800,0.235,0.153,1.309,0.206,0.899,2.305,0.157
Feb/07,ETANOL HIDRATADO,46286,R$/l,1.545,0.241,1.129,2.800,0.240,0.156,1.305,0.221,0.820,2.305,0.169
Mar/07,ETANOL HIDRATADO,46214,R$/l,1.540,0.240,1.099,2.800,0.234,0.156,1.306,0.215,0.970,2.306,0.165
Apr/07,ETANOL HIDRATADO,46002,R$/l,1.630,0.224,1.159,2.780,0.217,0.137,1.413,0.193,1.119,2.311,0.137
May/07,ETANOL HIDRATADO,57160,R$/l,1.626,0.239,1.090,2.780,0.255,0.147,1.371,0.248,0.740,2.311,0.181
Jun/07,ETANOL HIDRATADO,45800,R$/l,1.463,0.278,0.850,2.780,0.321,0.190,1.142,0.299,0.689,2.314,0.262
Jul/07,ETANOL HIDRATADO,54071,R$/l,1.351,0.289,0.850,2.780,0.297,0.214,1.054,0.272,0.685,2.314,0.258
Aug/07,ETANOL HIDRATADO,38968,R$/l,1.305,0.297,0.850,2.800,0.273,0.228,1.032,0.255,0.690,2.050,0.247
Sep/07,ETANOL HIDRATADO,32415,R$/l,1.279,0.297,0.829,2.800,0.265,0.232,1.014,0.246,0.618,2.032,0.243
Oct/07,ETANOL HIDRATADO,40758,R$/l,1.268,0.289,0.840,2.890,0.264,0.228,1.004,0.236,0.685,2.032,0.235
Nov/07,ETANOL HIDRATADO,32534,R$/l,1.360,0.253,0.870,2.800,0.252,0.186,1.108,0.195,0.753,2.113,0.176
Dec/07,ETANOL HIDRATADO,35608,R$/l,1.467,0.238,1.059,2.780,0.257,0.162,1.210,0.203,0.674,2.113,0.168
Jan/08,ETANOL HIDRATADO,37812,R$/l,1.464,0.241,0.989,2.780,0.259,0.165,1.205,0.216,0.839,2.261,0.179
Feb/08,ETANOL HIDRATADO,32688,R$/l,1.420,0.257,0.949,2.780,0.261,0.181,1.159,0.225,0.799,2.261,0.194
Mar/08,ETANOL HIDRATADO,32757,R$/l,1.439,0.244,0.979,2.780,0.245,0.170,1.194,0.206,0.890,2.261,0.173
Apr/08,ETANOL HIDRATADO,41092,R$/l,1.437,0.246,1.010,2.780,0.241,0.171,1.196,0.214,0.830,2.261,0.179
May/08,ETANOL HIDRATADO,33092,R$/l,1.441,0.248,0.979,2.800,0.249,0.172,1.192,0.221,0.800,2.261,0.185
Jun/08,ETANOL HIDRATADO,33280,R$/l,1.414,0.266,0.889,2.780,0.278,0.188,1.136,0.249,0.759,2.261,0.219
Jul/08,ETANOL HIDRATADO,41613,R$/l,1.423,0.276,0.960,2.780,0.249,0.194,1.174,0.248,0.850,2.404,0.211
Aug/08,ETANOL HIDRATADO,33237,R$/l,1.428,0.284,0.929,2.780,0.247,0.199,1.181,0.266,0.825,2.332,0.225
Sep/08,ETANOL HIDRATADO,33414,R$/l,1.449,0.269,0.990,2.780,0.245,0.186,1.204,0.254,0.880,2.332,0.211
Oct/08,ETANOL HIDRATADO,41807,R$/l,1.471,0.249,1.000,2.850,0.247,0.169,1.224,0.230,0.790,2.398,0.188
Nov/08,ETANOL HIDRATADO,33405,R$/l,1.478,0.245,1.040,2.850,0.280,0.166,1.198,0.227,0.797,2.398,0.189
Dec/08,ETANOL HIDRATADO,41874,R$/l,1.476,0.243,1.050,2.850,0.265,0.165,1.211,0.210,0.711,2.398,0.173
Jan/09,ETANOL HIDRATADO,33436,R$/l,1.477,0.237,1.050,2.850,0.252,0.160,1.225,0.197,0.711,2.345,0.161
Feb/09,ETANOL HIDRATADO,33505,R$/l,1.499,0.227,1.129,2.850,0.240,0.151,1.259,0.199,0.860,2.033,0.158
Mar/09,ETANOL HIDRATADO,39370,R$/l,1.478,0.242,0.949,2.850,0.273,0.164,1.205,0.237,0.720,2.322,0.197
Apr/09,ETANOL HIDRATADO,36209,R$/l,1.425,0.257,0.879,2.850,0.307,0.180,1.118,0.248,0.680,2.322,0.222
May/09,ETANOL HIDRATADO,33661,R$/l,1.388,0.271,0.850,2.850,0.300,0.195,1.088,0.250,0.669,2.391,0.230
Jun/09,ETANOL HIDRATADO,38734,R$/l,1.340,0.288,0.829,2.850,0.284,0.215,1.056,0.255,0.680,2.391,0.241
Jul/09,ETANOL HIDRATADO,37042,R$/l,1.374,0.265,0.869,2.850,0.256,0.193,1.118,0.236,0.699,2.389,0.211
Aug/09,ETANOL HIDRATADO,17631,R$/l,1.400,0.256,0.920,2.850,0.245,0.183,1.155,0.232,0.699,2.389,0.201
Sep/09,ETANOL HIDRATADO,17921,R$/l,1.447,0.224,0.990,2.850,0.231,0.155,1.216,0.205,0.750,2.387,0.169
Oct/09,ETANOL HIDRATADO,25424,R$/l,1.616,0.201,1.099,2.880,0.253,0.124,1.363,0.193,0.770,2.422,0.142
Nov/09,ETANOL HIDRATADO,30236,R$/l,1.675,0.198,1.239,2.990,0.249,0.118,1.426,0.193,0.748,2.391,0.135
Dec/09,ETANOL HIDRATADO,34116,R$/l,1.703,0.190,1.149,2.990,0.253,0.112,1.450,0.191,0.750,2.391,0.132
Jan/10,ETANOL HIDRATADO,29971,R$/l,1.890,0.182,1.229,2.840,0.265,0.096,1.625,0.178,0.850,2.459,0.110
Feb/10,ETANOL HIDRATADO,31421,R$/l,1.943,0.205,1.169,2.990,0.259,0.106,1.684,0.196,1.020,2.450,0.116
Mar/10,ETANOL HIDRATADO,40918,R$/l,1.763,0.283,1.159,2.990,0.287,0.161,1.476,0.292,0.779,2.368,0.198
Apr/10,ETANOL HIDRATADO,33225,R$/l,1.629,0.269,1.130,2.990,0.289,0.165,1.340,0.253,0.748,2.288,0.189
May/10,ETANOL HIDRATADO,34680,R$/l,1.545,0.289,0.959,2.990,0.288,0.187,1.257,0.262,0.800,2.375,0.208
Jun/10,ETANOL HIDRATADO,39938,R$/l,1.475,0.300,0.960,2.840,0.272,0.203,1.203,0.260,0.779,2.194,0.216
Jul/10,ETANOL HIDRATADO,33401,R$/l,1.501,0.272,0.989,2.790,0.263,0.181,1.238,0.235,0.792,2.269,0.190
Aug/10,ETANOL HIDRATADO,39452,R$/l,1.549,0.245,1.079,2.790,0.258,0.158,1.291,0.218,0.800,2.111,0.169
Sep/10,ETANOL HIDRATADO,35782,R$/l,1.566,0.237,1.099,2.790,0.248,0.151,1.318,0.216,0.800,2.030,0.164
Oct/10,ETANOL HIDRATADO,33479,R$/l,1.673,0.209,1.199,2.790,0.254,0.125,1.419,0.201,0.800,2.111,0.142
Nov/10,ETANOL HIDRATADO,41036,R$/l,1.721,0.200,1.219,2.790,0.249,0.116,1.472,0.196,0.820,2.154,0.133
Dec/10,ETANOL HIDRATADO,34274,R$/l,1.778,0.183,1.299,2.790,0.244,0.103,1.534,0.182,0.820,2.208,0.119
Jan/11,ETANOL HIDRATADO,37173,R$/l,1.835,0.175,1.270,2.790,0.242,0.095,1.593,0.179,0.820,2.296,0.112
Feb/11,ETANOL HIDRATADO,29498,R$/l,1.872,0.177,1.399,2.790,0.237,0.095,1.635,0.179,0.820,2.296,0.109
Mar/11,ETANOL HIDRATADO,41873,R$/l,2.083,0.207,1.499,3.000,0.277,0.099,1.806,0.180,0.820,2.518,0.100
Apr/11,ETANOL HIDRATADO,33388,R$/l,2.301,0.245,1.650,3.250,0.314,0.106,1.987,0.194,1.097,2.870,0.098
May/11,ETANOL HIDRATADO,39243,R$/l,2.032,0.325,1.370,3.200,0.285,0.160,1.747,0.301,1.000,2.936,0.172
Jun/11,ETANOL HIDRATADO,35831,R$/l,1.859,0.278,1.329,3.100,0.263,0.150,1.596,0.242,1.115,2.585,0.152
Jul/11,ETANOL HIDRATADO,33418,R$/l,1.932,0.238,1.440,2.990,0.254,0.123,1.678,0.211,1.129,2.459,0.126
Aug/11,ETANOL HIDRATADO,41151,R$/l,1.946,0.233,1.399,2.990,0.253,0.120,1.693,0.209,1.070,2.383,0.123
Sep/11,ETANOL HIDRATADO,33933,R$/l,2.006,0.213,1.529,3.099,0.255,0.106,1.751,0.192,1.270,2.482,0.110
Oct/11,ETANOL HIDRATADO,37361,R$/l,2.005,0.221,1.459,2.990,0.259,0.110,1.746,0.194,1.180,2.501,0.111
Nov/11,ETANOL HIDRATADO,37623,R$/l,2.030,0.211,1.499,2.990,0.236,0.104,1.794,0.184,1.270,2.531,0.103
Dec/11,ETANOL HIDRATADO,33485,R$/l,2.055,0.206,1.560,2.990,0.235,0.100,1.820,0.188,1.270,2.632,0.103
Jan/12,ETANOL HIDRATADO,39795,R$/l,2.034,0.220,1.490,2.990,0.263,0.108,1.771,0.211,1.280,2.666,0.119
Feb/12,ETANOL HIDRATADO,34510,R$/l,1.982,0.245,1.390,2.990,0.288,0.124,1.694,0.224,1.000,2.676,0.132
Mar/12,ETANOL HIDRATADO,33793,R$/l,1.997,0.235,1.300,2.999,0.264,0.118,1.733,0.203,1.246,2.684,0.117
Apr/12,ETANOL HIDRATADO,33731,R$/l,1.986,0.227,1.499,3.120,0.247,0.114,1.739,0.198,1.280,2.684,0.114
May/12,ETANOL HIDRATADO,40688,R$/l,1.967,0.240,1.399,3.120,0.261,0.122,1.706,0.226,1.195,2.691,0.132
Jun/12,ETANOL HIDRATADO,33049,R$/l,1.938,0.255,1.399,3.120,0.282,0.132,1.656,0.249,1.230,2.687,0.150
Jul/12,ETANOL HIDRATADO,37732,R$/l,1.909,0.267,1.299,3.120,0.287,0.140,1.622,0.253,1.241,2.661,0.156
Aug/12,ETANOL HIDRATADO,36455,R$/l,1.890,0.275,1.289,3.120,0.290,0.146,1.600,0.259,1.173,2.663,0.162
Sep/12,ETANOL HIDRATADO,32881,R$/l,1.888,0.273,1.289,3.120,0.282,0.145,1.606,0.245,1.173,2.667,0.153
Oct/12,ETANOL HIDRATADO,40179,R$/l,1.888,0.270,1.299,3.120,0.300,0.143,1.588,0.252,1.154,2.595,0.159
Nov/12,ETANOL HIDRATADO,33523,R$/l,1.896,0.268,1.299,3.120,0.302,0.141,1.594,0.244,1.147,2.433,0.153
Dec/12,ETANOL HIDRATADO,33947,R$/l,1.936,0.247,1.459,3.120,0.269,0.128,1.667,0.221,1.189,2.469,0.133
Jul/01,GASOLINA COMUM,18708,R$/l,1.681,0.099,1.379,2.000,0.214,0.059,1.467,0.076,0.895,1.791,0.052
Aug/01,GASOLINA COMUM,29950,R$/l,1.711,0.092,1.440,2.380,0.207,0.054,1.504,0.052,1.023,1.750,0.034
Sep/01,GASOLINA COMUM,34530,R$/l,1.718,0.100,1.430,2.380,0.214,0.058,1.504,0.054,1.009,1.821,0.036
Oct/01,GASOLINA COMUM,44072,R$/l,1.779,0.105,1.410,2.480,0.242,0.059,1.537,0.062,1.023,1.868,0.041
Nov/01,GASOLINA COMUM,36267,R$/l,1.780,0.106,1.440,2.450,0.229,0.059,1.552,0.061,1.080,1.910,0.039
Dec/01,GASOLINA COMUM,40362,R$/l,1.775,0.107,1.380,2.450,0.229,0.060,1.546,0.061,1.071,1.895,0.040
Jan/02,GASOLINA COMUM,43470,R$/l,1.588,0.124,1.170,2.450,0.223,0.078,1.365,0.097,0.690,1.818,0.071
Feb/02,GASOLINA COMUM,38348,R$/l,1.509,0.100,1.170,2.450,0.213,0.066,1.296,0.053,0.829,1.697,0.041
Mar/02,GASOLINA COMUM,38410,R$/l,1.574,0.115,1.239,2.450,0.251,0.073,1.323,0.066,0.833,1.774,0.050
Apr/02,GASOLINA COMUM,47414,R$/l,1.713,0.113,1.360,2.670,0.266,0.066,1.447,0.078,0.835,1.806,0.054
May/02,GASOLINA COMUM,49569,R$/l,1.722,0.106,1.370,2.670,0.238,0.061,1.484,0.059,0.972,1.806,0.040
Jun/02,GASOLINA COMUM,38863,R$/l,1.711,0.109,1.369,2.670,0.236,0.064,1.475,0.057,0.909,1.852,0.039
Jul/02,GASOLINA COMUM,57752,R$/l,1.767,0.124,1.309,2.670,0.257,0.070,1.510,0.069,0.934,1.884,0.046
Aug/02,GASOLINA COMUM,46852,R$/l,1.751,0.119,1.390,2.470,0.239,0.068,1.512,0.065,0.971,1.843,0.043
Sep/02,GASOLINA COMUM,39964,R$/l,1.742,0.118,1.370,2.450,0.230,0.068,1.512,0.065,0.962,1.961,0.043
Oct/02,GASOLINA COMUM,41545,R$/l,1.761,0.109,1.350,2.450,0.233,0.062,1.528,0.065,0.984,1.840,0.043
Nov/02,GASOLINA COMUM,36226,R$/l,1.978,0.113,1.490,2.740,0.299,0.057,1.678,0.104,1.050,2.497,0.062
Dec/02,GASOLINA COMUM,44705,R$/l,2.001,0.140,1.590,2.950,0.293,0.070,1.708,0.081,1.149,2.209,0.047
Jan/03,GASOLINA COMUM,36694,R$/l,2.160,0.136,1.699,2.950,0.304,0.063,1.856,0.102,1.180,2.391,0.055
Feb/03,GASOLINA COMUM,36200,R$/l,2.223,0.143,1.739,2.950,0.296,0.064,1.927,0.099,1.261,2.482,0.051
Mar/03,GASOLINA COMUM,39311,R$/l,2.215,0.143,1.790,2.950,0.268,0.065,1.947,0.087,1.310,2.394,0.045
Apr/03,GASOLINA COMUM,42127,R$/l,2.195,0.149,1.720,2.950,0.255,0.068,1.941,0.085,1.262,2.350,0.044
May/03,GASOLINA COMUM,36221,R$/l,2.113,0.136,1.749,2.850,0.245,0.064,1.869,0.080,1.240,2.321,0.043
Jun/03,GASOLINA COMUM,40291,R$/l,2.026,0.143,1.669,2.860,0.238,0.071,1.788,0.085,1.153,2.227,0.047
Jul/03,GASOLINA COMUM,41828,R$/l,1.971,0.138,1.620,2.850,0.237,0.070,1.734,0.079,1.170,2.270,0.045
Aug/03,GASOLINA COMUM,35935,R$/l,1.975,0.132,1.630,2.850,0.240,0.067,1.735,0.077,1.158,2.137,0.044
Sep/03,GASOLINA COMUM,43291,R$/l,2.003,0.127,1.640,2.850,0.247,0.063,1.757,0.073,1.158,2.220,0.042
Oct/03,GASOLINA COMUM,37608,R$/l,1.997,0.128,1.620,2.850,0.243,0.064,1.755,0.069,1.190,2.390,0.039
Nov/03,GASOLINA COMUM,35911,R$/l,1.993,0.128,1.620,2.850,0.246,0.064,1.747,0.069,1.510,2.125,0.039
Dec/03,GASOLINA COMUM,44759,R$/l,1.998,0.125,1.610,2.850,0.246,0.063,1.753,0.070,1.451,2.149,0.040
Jan/04,GASOLINA COMUM,35766,R$/l,2.007,0.126,1.610,2.850,0.246,0.063,1.761,0.070,1.520,2.149,0.039
Feb/04,GASOLINA COMUM,35740,R$/l,2.003,0.131,1.610,2.850,0.254,0.065,1.749,0.075,1.490,2.158,0.043
Mar/04,GASOLINA COMUM,44631,R$/l,1.981,0.139,1.559,2.850,0.264,0.070,1.717,0.080,1.400,2.328,0.046
Apr/04,GASOLINA COMUM,35862,R$/l,1.972,0.140,1.560,2.850,0.263,0.071,1.709,0.080,1.370,2.188,0.047
May/04,GASOLINA COMUM,43335,R$/l,2.086,0.143,1.529,2.850,0.330,0.069,1.756,0.080,1.146,2.214,0.046
Jun/04,GASOLINA COMUM,56676,R$/l,2.157,0.148,1.560,2.890,0.347,0.069,1.810,0.088,1.170,2.735,0.049
Jul/04,GASOLINA COMUM,50174,R$/l,2.203,0.140,1.590,3.000,0.341,0.064,1.862,0.074,1.477,2.473,0.040
Aug/04,GASOLINA COMUM,60595,R$/l,2.226,0.139,1.690,3.000,0.337,0.062,1.889,0.075,1.325,2.258,0.040
Sep/04,GASOLINA COMUM,52104,R$/l,2.232,0.143,1.690,3.000,0.333,0.064,1.899,0.076,1.450,2.279,0.040
Oct/04,GASOLINA COMUM,49917,R$/l,2.262,0.145,1.690,3.100,0.339,0.064,1.923,0.080,1.475,2.325,0.042
Nov/04,GASOLINA COMUM,59375,R$/l,2.214,0.148,1.709,3.100,0.276,0.067,1.938,0.084,1.530,2.551,0.043
Dec/04,GASOLINA COMUM,52358,R$/l,2.303,0.146,1.849,3.100,0.296,0.063,2.007,0.081,1.518,2.510,0.040
Jan/05,GASOLINA COMUM,58210,R$/l,2.296,0.146,1.870,3.220,0.287,0.064,2.009,0.079,1.477,2.510,0.039
Feb/05,GASOLINA COMUM,46568,R$/l,2.285,0.150,1.920,3.220,0.280,0.066,2.005,0.078,1.477,2.444,0.039
Mar/05,GASOLINA COMUM,56656,R$/l,2.291,0.144,1.940,3.220,0.290,0.063,2.001,0.077,1.477,2.490,0.038
Apr/05,GASOLINA COMUM,49555,R$/l,2.302,0.157,1.929,3.200,0.289,0.068,2.013,0.090,1.477,2.565,0.045
May/05,GASOLINA COMUM,58946,R$/l,2.283,0.160,1.845,3.200,0.286,0.070,1.997,0.093,1.477,2.505,0.047
Jun/05,GASOLINA COMUM,52438,R$/l,2.256,0.172,1.698,3.200,0.286,0.076,1.970,0.097,1.477,2.529,0.049
Jul/05,GASOLINA COMUM,49437,R$/l,2.267,0.165,1.880,3.200,0.289,0.073,1.978,0.095,1.640,2.564,0.048
Aug/05,GASOLINA COMUM,31856,R$/l,2.273,0.162,1.889,3.200,0.293,0.071,1.980,0.093,1.735,2.552,0.047
Sep/05,GASOLINA COMUM,31701,R$/l,2.401,0.188,1.890,3.600,0.328,0.078,2.073,0.134,1.799,2.940,0.065
Oct/05,GASOLINA COMUM,43735,R$/l,2.470,0.161,1.979,3.370,0.295,0.065,2.175,0.097,1.729,2.834,0.045
Nov/05,GASOLINA COMUM,56700,R$/l,2.478,0.163,1.870,3.300,0.298,0.066,2.180,0.093,1.840,2.780,0.043
Dec/05,GASOLINA COMUM,49443,R$/l,2.483,0.162,2.040,3.300,0.295,0.065,2.188,0.094,1.950,2.800,0.043
Jan/06,GASOLINA COMUM,57239,R$/l,2.511,0.160,2.080,3.500,0.299,0.064,2.212,0.088,2.000,2.748,0.040
Feb/06,GASOLINA COMUM,42334,R$/l,2.523,0.160,2.070,3.300,0.307,0.063,2.216,0.087,2.000,2.788,0.039
Mar/06,GASOLINA COMUM,56264,R$/l,2.587,0.153,2.120,3.500,0.316,0.059,2.271,0.084,2.000,2.762,0.037
Apr/06,GASOLINA COMUM,46927,R$/l,2.595,0.158,2.155,3.300,0.308,0.061,2.287,0.082,2.000,2.779,0.036
May/06,GASOLINA COMUM,56298,R$/l,2.582,0.158,1.870,3.300,0.306,0.061,2.276,0.084,1.807,2.874,0.037
Jun/06,GASOLINA COMUM,49579,R$/l,2.545,0.172,2.140,3.300,0.299,0.068,2.246,0.084,1.834,2.707,0.037
Jul/06,GASOLINA COMUM,50363,R$/l,2.557,0.165,2.140,3.500,0.311,0.065,2.246,0.084,2.030,2.756,0.037
Aug/06,GASOLINA COMUM,57666,R$/l,2.559,0.166,2.089,3.300,0.308,0.065,2.251,0.084,1.910,2.747,0.037
Sep/06,GASOLINA COMUM,48062,R$/l,2.554,0.166,2.099,3.300,0.312,0.065,2.242,0.085,1.910,2.747,0.038
Oct/06,GASOLINA COMUM,47567,R$/l,2.547,0.164,2.149,3.500,0.317,0.064,2.230,0.086,2.000,2.722,0.039
Nov/06,GASOLINA COMUM,47122,R$/l,2.538,0.166,2.130,3.300,0.318,0.065,2.220,0.086,1.955,2.740,0.039
Dec/06,GASOLINA COMUM,42822,R$/l,2.531,0.166,2.120,3.300,0.332,0.066,2.199,0.090,2.000,2.696,0.041
Jan/07,GASOLINA COMUM,57029,R$/l,2.523,0.167,2.080,3.300,0.333,0.066,2.190,0.086,2.000,2.653,0.039
Feb/07,GASOLINA COMUM,49770,R$/l,2.516,0.167,1.960,3.300,0.333,0.066,2.183,0.086,1.701,2.626,0.039
Mar/07,GASOLINA COMUM,49574,R$/l,2.518,0.162,2.088,3.300,0.336,0.064,2.182,0.084,1.949,2.646,0.038
Apr/07,GASOLINA COMUM,49276,R$/l,2.532,0.154,2.119,3.310,0.327,0.061,2.205,0.082,1.910,2.637,0.037
May/07,GASOLINA COMUM,61607,R$/l,2.540,0.155,2.070,3.300,0.326,0.061,2.214,0.081,1.950,2.657,0.037
Jun/07,GASOLINA COMUM,49165,R$/l,2.527,0.157,2.079,3.300,0.345,0.062,2.182,0.087,1.958,2.620,0.040
Jul/07,GASOLINA COMUM,57896,R$/l,2.507,0.160,2.090,3.300,0.361,0.064,2.146,0.092,1.905,2.592,0.043
Aug/07,GASOLINA COMUM,41748,R$/l,2.487,0.164,2.070,3.300,0.356,0.066,2.131,0.091,1.908,2.699,0.043
Sep/07,GASOLINA COMUM,34809,R$/l,2.471,0.170,2.000,3.300,0.349,0.069,2.122,0.090,1.930,2.690,0.042
Oct/07,GASOLINA COMUM,43783,R$/l,2.475,0.167,2.070,3.300,0.357,0.067,2.118,0.089,1.920,2.874,0.042
Nov/07,GASOLINA COMUM,34848,R$/l,2.487,0.162,2.099,3.330,0.356,0.065,2.131,0.087,1.923,2.588,0.041
Dec/07,GASOLINA COMUM,38031,R$/l,2.509,0.159,2.099,3.300,0.353,0.063,2.156,0.087,1.900,2.584,0.040
Jan/08,GASOLINA COMUM,40313,R$/l,2.505,0.158,2.090,3.300,0.346,0.063,2.159,0.086,1.943,2.608,0.040
Feb/08,GASOLINA COMUM,34858,R$/l,2.488,0.169,2.019,3.300,0.339,0.068,2.149,0.090,1.901,2.584,0.042
Mar/08,GASOLINA COMUM,34901,R$/l,2.493,0.162,2.059,3.350,0.343,0.065,2.150,0.089,1.880,2.624,0.041
Apr/08,GASOLINA COMUM,43667,R$/l,2.493,0.161,2.059,3.350,0.338,0.065,2.155,0.089,1.900,2.624,0.041
May/08,GASOLINA COMUM,35086,R$/l,2.494,0.160,1.950,3.350,0.337,0.064,2.157,0.089,1.840,2.595,0.041
Jun/08,GASOLINA COMUM,35248,R$/l,2.490,0.161,2.069,3.300,0.334,0.065,2.156,0.090,1.918,2.595,0.042
Jul/08,GASOLINA COMUM,44034,R$/l,2.495,0.160,2.049,3.300,0.334,0.064,2.161,0.091,1.900,2.593,0.042
Aug/08,GASOLINA COMUM,35120,R$/l,2.500,0.159,2.069,3.300,0.329,0.064,2.171,0.090,1.843,2.628,0.041
Sep/08,GASOLINA COMUM,35278,R$/l,2.506,0.155,2.099,3.330,0.333,0.062,2.173,0.091,1.937,2.817,0.042
Oct/08,GASOLINA COMUM,44140,R$/l,2.508,0.154,1.390,3.330,0.331,0.061,2.177,0.089,1.950,2.800,0.041
Nov/08,GASOLINA COMUM,35239,R$/l,2.513,0.151,2.157,3.330,0.333,0.060,2.180,0.088,1.932,2.800,0.040
Dec/08,GASOLINA COMUM,44117,R$/l,2.518,0.153,2.170,3.330,0.337,0.061,2.181,0.088,1.950,2.800,0.040
Jan/09,GASOLINA COMUM,35207,R$/l,2.516,0.155,2.149,3.330,0.335,0.062,2.181,0.088,1.950,2.733,0.040
Feb/09,GASOLINA COMUM,35163,R$/l,2.518,0.154,2.099,3.340,0.337,0.061,2.181,0.090,1.920,2.710,0.041
Mar/09,GASOLINA COMUM,41341,R$/l,2.514,0.157,1.990,3.340,0.338,0.062,2.176,0.093,1.877,2.710,0.043
Apr/09,GASOLINA COMUM,37968,R$/l,2.500,0.157,2.090,3.330,0.340,0.063,2.160,0.097,1.810,2.710,0.045
May/09,GASOLINA COMUM,35271,R$/l,2.487,0.163,2.059,3.330,0.336,0.066,2.151,0.098,1.830,2.700,0.046
Jun/09,GASOLINA COMUM,40658,R$/l,2.488,0.165,2.099,3.330,0.345,0.066,2.143,0.100,1.791,2.700,0.047
Jul/09,GASOLINA COMUM,38666,R$/l,2.492,0.157,2.088,3.330,0.341,0.063,2.151,0.097,1.820,2.700,0.045
Aug/09,GASOLINA COMUM,18357,R$/l,2.498,0.156,2.049,3.330,0.339,0.062,2.159,0.096,1.828,2.700,0.044
Sep/09,GASOLINA COMUM,18424,R$/l,2.488,0.150,2.043,3.333,0.323,0.060,2.165,0.095,1.657,2.790,0.044
Oct/09,GASOLINA COMUM,26218,R$/l,2.528,0.150,2.050,3.390,0.326,0.059,2.202,0.099,1.528,2.859,0.045
Nov/09,GASOLINA COMUM,31319,R$/l,2.551,0.146,1.963,3.500,0.331,0.057,2.220,0.096,1.111,2.819,0.043
Dec/09,GASOLINA COMUM,35282,R$/l,2.556,0.144,2.059,3.330,0.331,0.056,2.225,0.094,1.620,2.877,0.042
Jan/10,GASOLINA COMUM,30979,R$/l,2.586,0.138,2.119,3.330,0.333,0.053,2.253,0.091,1.549,2.665,0.040
Feb/10,GASOLINA COMUM,32503,R$/l,2.611,0.144,2.040,3.490,0.341,0.055,2.270,0.094,1.624,2.744,0.041
Mar/10,GASOLINA COMUM,42412,R$/l,2.578,0.160,2.115,3.499,0.349,0.062,2.229,0.098,1.310,2.955,0.044
Apr/10,GASOLINA COMUM,34423,R$/l,2.555,0.166,2.117,3.330,0.357,0.065,2.198,0.097,1.643,2.990,0.044
May/10,GASOLINA COMUM,35934,R$/l,2.550,0.165,2.115,3.390,0.348,0.065,2.202,0.101,1.556,2.746,0.046
Jun/10,GASOLINA COMUM,41355,R$/l,2.534,0.171,2.090,3.500,0.343,0.067,2.191,0.100,1.554,2.753,0.046
Jul/10,GASOLINA COMUM,34592,R$/l,2.534,0.168,1.899,3.350,0.341,0.066,2.193,0.098,1.839,2.754,0.045
Aug/10,GASOLINA COMUM,40852,R$/l,2.542,0.161,2.089,3.500,0.338,0.063,2.204,0.094,1.688,2.600,0.043
Sep/10,GASOLINA COMUM,37097,R$/l,2.544,0.159,2.090,3.470,0.332,0.063,2.212,0.096,1.822,2.740,0.043
Oct/10,GASOLINA COMUM,34698,R$/l,2.572,0.154,2.129,3.390,0.335,0.060,2.237,0.097,1.822,2.736,0.043
Nov/10,GASOLINA COMUM,42551,R$/l,2.589,0.153,2.149,3.390,0.331,0.059,2.258,0.096,1.761,2.736,0.043
Dec/10,GASOLINA COMUM,35557,R$/l,2.602,0.148,2.179,3.330,0.338,0.057,2.264,0.095,1.931,2.917,0.042
Jan/11,GASOLINA COMUM,38727,R$/l,2.612,0.148,2.179,3.340,0.335,0.057,2.277,0.097,1.950,2.970,0.043
Feb/11,GASOLINA COMUM,30554,R$/l,2.622,0.145,2.149,3.390,0.338,0.055,2.284,0.092,1.804,2.884,0.040
Mar/11,GASOLINA COMUM,43565,R$/l,2.670,0.146,2.019,3.500,0.342,0.055,2.328,0.101,1.817,2.935,0.043
Apr/11,GASOLINA COMUM,34850,R$/l,2.824,0.146,2.329,3.559,0.351,0.052,2.473,0.118,1.689,2.998,0.048
May/11,GASOLINA COMUM,41022,R$/l,2.842,0.153,2.299,3.619,0.354,0.054,2.488,0.134,1.378,2.956,0.054
Jun/11,GASOLINA COMUM,37301,R$/l,2.738,0.156,2.268,3.629,0.378,0.057,2.360,0.121,1.467,2.830,0.051
Jul/11,GASOLINA COMUM,34782,R$/l,2.735,0.152,2.270,3.540,0.375,0.056,2.360,0.109,2.000,2.850,0.046
Aug/11,GASOLINA COMUM,42852,R$/l,2.736,0.149,2.199,3.670,0.372,0.054,2.364,0.107,1.998,2.900,0.045
Sep/11,GASOLINA COMUM,35324,R$/l,2.742,0.153,2.229,3.690,0.365,0.056,2.377,0.109,2.083,2.900,0.046
Oct/11,GASOLINA COMUM,38927,R$/l,2.750,0.152,2.209,3.719,0.371,0.055,2.379,0.108,2.022,2.980,0.045
Nov/11,GASOLINA COMUM,39189,R$/l,2.746,0.153,2.279,3.719,0.367,0.056,2.379,0.109,2.000,2.980,0.046
Dec/11,GASOLINA COMUM,34893,R$/l,2.750,0.148,2.279,3.679,0.373,0.054,2.377,0.108,2.010,2.899,0.045
Jan/12,GASOLINA COMUM,41443,R$/l,2.743,0.151,2.259,3.599,0.368,0.055,2.375,0.108,2.001,2.855,0.045
Feb/12,GASOLINA COMUM,36060,R$/l,2.734,0.155,2.290,3.690,0.380,0.057,2.354,0.113,2.023,2.855,0.048
Mar/12,GASOLINA COMUM,35411,R$/l,2.740,0.149,2.259,3.690,0.385,0.054,2.355,0.110,2.032,2.950,0.047
Apr/12,GASOLINA COMUM,35411,R$/l,2.742,0.150,2.259,3.690,0.377,0.055,2.365,0.109,2.010,2.855,0.046
May/12,GASOLINA COMUM,42736,R$/l,2.737,0.154,2.199,3.719,0.371,0.056,2.366,0.111,2.000,2.855,0.047
Jun/12,GASOLINA COMUM,34762,R$/l,2.731,0.156,2.199,3.719,0.369,0.057,2.362,0.111,2.012,2.961,0.047
Jul/12,GASOLINA COMUM,39703,R$/l,2.729,0.158,2.199,3.739,0.369,0.058,2.360,0.111,2.020,2.960,0.047
Aug/12,GASOLINA COMUM,38425,R$/l,2.725,0.162,2.199,3.739,0.369,0.059,2.356,0.114,2.000,2.950,0.048
Sep/12,GASOLINA COMUM,34710,R$/l,2.723,0.161,2.249,3.769,0.365,0.059,2.358,0.113,2.000,2.900,0.048
Oct/12,GASOLINA COMUM,42544,R$/l,2.731,0.157,2.189,3.799,0.378,0.057,2.353,0.112,1.989,2.900,0.048
Nov/12,GASOLINA COMUM,35563,R$/l,2.747,0.152,2.229,3.799,0.394,0.055,2.353,0.110,2.021,2.927,0.047
Dec/12,GASOLINA COMUM,36046,R$/l,2.754,0.147,2.269,3.799,0.387,0.053,2.367,0.107,2.014,2.890,0.045
Jul/01,GLP,8853,R$/13kg,17.195,2.113,12.000,24.500,2.696,0.123,14.499,1.754,6.362,22.750,0.121
Aug/01,GLP,12299,R$/13kg,17.703,2.012,12.500,27.000,2.871,0.114,14.832,1.706,5.750,25.000,0.115
Sep/01,GLP,14405,R$/13kg,17.900,2.019,12.500,29.000,2.948,0.113,14.951,1.835,6.629,25.000,0.123
Oct/01,GLP,19190,R$/13kg,18.732,2.026,12.000,30.500,3.479,0.108,15.254,1.927,6.277,28.000,0.126
Nov/01,GLP,16373,R$/13kg,18.869,2.025,12.000,31.000,3.410,0.107,15.459,2.012,6.205,28.000,0.130
Dec/01,GLP,18400,R$/13kg,18.694,2.100,11.000,32.000,3.338,0.112,15.355,2.123,5.900,27.000,0.138
Jan/02,GLP,20451,R$/13kg,21.849,2.282,12.900,35.000,4.463,0.104,17.387,2.490,6.386,29.000,0.143
Feb/02,GLP,18244,R$/13kg,21.940,2.081,15.000,32.150,3.749,0.095,18.191,2.099,7.300,26.470,0.115
Mar/02,GLP,18578,R$/13kg,21.842,2.074,14.000,30.500,3.611,0.095,18.232,2.131,7.500,26.470,0.117
Apr/02,GLP,22880,R$/13kg,24.054,2.397,15.500,35.000,4.627,0.100,19.427,2.521,7.893,30.000,0.130
May/02,GLP,21445,R$/13kg,23.449,2.775,14.500,35.000,3.712,0.118,19.737,2.626,10.409,31.000,0.133
Jun/02,GLP,23729,R$/13kg,25.472,2.495,16.000,38.000,4.624,0.098,20.848,2.807,9.969,33.000,0.135
Jul/02,GLP,35334,R$/13kg,26.317,2.645,18.000,38.000,4.457,0.101,21.860,2.757,13.000,33.670,0.126
Aug/02,GLP,30050,R$/13kg,25.260,2.736,18.000,38.500,3.569,0.108,21.691,2.821,13.007,36.000,0.130
Sep/02,GLP,25706,R$/13kg,23.330,2.197,15.000,38.500,3.062,0.094,20.267,2.909,12.900,36.000,0.144
Oct/02,GLP,27075,R$/13kg,23.093,2.188,16.990,38.500,3.541,0.095,19.552,2.492,10.596,36.000,0.127
Nov/02,GLP,23574,R$/13kg,26.499,2.558,16.990,42.000,5.128,0.097,21.371,2.956,13.000,40.000,0.138
Dec/02,GLP,28512,R$/13kg,28.046,2.505,19.900,44.000,4.720,0.089,23.326,2.881,14.500,42.000,0.124
Jan/03,GLP,24101,R$/13kg,29.346,2.710,19.000,45.000,4.604,0.092,24.742,2.857,15.900,37.000,0.115
Feb/03,GLP,23231,R$/13kg,28.931,2.945,17.800,48.900,4.115,0.102,24.816,2.982,16.700,37.000,0.120
Mar/03,GLP,24904,R$/13kg,28.876,2.722,19.000,48.900,4.202,0.094,24.674,2.966,16.700,36.830,0.120
Apr/03,GLP,27520,R$/13kg,29.652,2.473,22.900,48.900,4.376,0.083,25.277,2.658,16.288,36.780,0.105
May/03,GLP,23194,R$/13kg,29.652,2.338,23.990,48.900,4.280,0.079,25.373,2.546,17.709,36.830,0.100
Jun/03,GLP,24725,R$/13kg,29.531,2.263,23.800,48.900,4.196,0.077,25.335,2.467,17.720,36.830,0.097
Jul/03,GLP,25787,R$/13kg,29.337,2.289,23.500,48.900,4.054,0.078,25.283,2.506,17.420,36.830,0.099
Aug/03,GLP,21260,R$/13kg,29.152,2.288,22.000,48.900,4.039,0.078,25.113,2.507,17.420,44.000,0.100
Sep/03,GLP,31215,R$/13kg,29.230,2.308,23.000,48.900,4.081,0.079,25.150,2.545,17.420,44.000,0.101
Oct/03,GLP,21497,R$/13kg,29.039,2.319,22.500,48.900,4.145,0.080,24.894,2.540,17.420,36.830,0.102
Nov/03,GLP,20309,R$/13kg,28.873,2.379,22.500,48.900,4.100,0.082,24.773,2.582,17.289,44.000,0.104
Dec/03,GLP,25099,R$/13kg,28.795,2.383,22.000,48.900,4.148,0.083,24.648,2.594,17.420,36.180,0.105
Jan/04,GLP,20012,R$/13kg,29.045,2.242,22.990,48.900,4.176,0.077,24.868,2.448,19.000,36.120,0.098
Feb/04,GLP,19895,R$/13kg,29.210,2.229,23.000,48.900,4.270,0.076,24.941,2.440,16.530,35.500,0.098
Mar/04,GLP,24683,R$/13kg,29.445,2.170,22.900,48.900,4.363,0.074,25.082,2.393,17.050,37.350,0.095
Apr/04,GLP,19619,R$/13kg,30.178,2.246,23.000,48.900,4.601,0.074,25.577,2.277,19.500,36.000,0.089
May/04,GLP,24358,R$/13kg,32.201,2.396,22.990,48.900,5.683,0.074,26.518,2.424,17.480,38.000,0.091
Jun/04,GLP,34122,R$/13kg,32.236,2.434,22.990,46.000,5.599,0.076,26.637,2.449,18.450,38.000,0.092
Jul/04,GLP,29422,R$/13kg,32.226,2.482,22.990,46.000,5.550,0.077,26.676,2.441,19.000,38.000,0.092
Aug/04,GLP,35473,R$/13kg,32.175,2.499,22.990,45.000,5.601,0.078,26.574,2.482,18.500,38.000,0.093
Sep/04,GLP,31243,R$/13kg,32.030,2.503,22.900,46.000,5.610,0.078,26.420,2.484,18.460,36.000,0.094
Oct/04,GLP,29490,R$/13kg,32.022,2.489,22.900,46.000,5.715,0.078,26.307,2.496,17.822,39.350,0.095
Nov/04,GLP,35385,R$/13kg,30.319,2.448,22.990,45.000,5.307,0.081,25.012,2.384,19.000,37.750,0.095
Dec/04,GLP,30432,R$/13kg,30.347,2.463,23.000,45.000,5.377,0.081,24.970,2.588,19.000,38.000,0.104
Jan/05,GLP,34757,R$/13kg,30.228,2.481,22.000,45.000,5.357,0.082,24.871,2.550,18.500,37.750,0.103
Feb/05,GLP,28641,R$/13kg,30.112,2.569,22.000,44.000,5.357,0.085,24.755,2.583,19.000,37.750,0.104
Mar/05,GLP,31247,R$/13kg,30.177,2.495,22.000,45.000,5.413,0.083,24.764,2.667,17.510,37.750,0.108
Apr/05,GLP,29006,R$/13kg,30.130,2.494,21.990,45.000,5.482,0.083,24.648,2.674,19.000,38.000,0.108
May/05,GLP,35374,R$/13kg,30.006,2.526,21.990,45.000,5.432,0.084,24.574,2.702,18.900,35.870,0.110
Jun/05,GLP,29460,R$/13kg,29.988,2.507,22.000,45.000,5.353,0.084,24.635,2.714,17.472,35.870,0.110
Jul/05,GLP,28671,R$/13kg,29.975,2.535,22.000,46.000,5.348,0.085,24.627,2.720,19.000,37.750,0.110
Aug/05,GLP,17008,R$/13kg,29.928,2.560,21.990,46.000,5.332,0.086,24.596,2.790,17.000,37.540,0.113
Sep/05,GLP,13770,R$/13kg,29.938,2.765,22.000,46.000,4.937,0.092,25.001,2.752,17.000,36.700,0.110
Oct/05,GLP,22581,R$/13kg,30.076,2.728,21.990,45.000,5.047,0.091,25.029,2.780,15.343,39.200,0.111
Nov/05,GLP,35855,R$/13kg,30.244,2.664,23.000,44.000,5.152,0.088,25.092,2.709,15.343,40.000,0.108
Dec/05,GLP,35216,R$/13kg,30.498,2.695,22.000,45.000,5.249,0.088,25.249,2.721,17.350,38.000,0.108
Jan/06,GLP,37762,R$/13kg,30.749,2.615,23.000,45.000,5.483,0.085,25.266,2.594,17.500,38.000,0.103
Feb/06,GLP,32224,R$/13kg,30.934,2.603,23.990,45.000,5.324,0.084,25.610,2.648,17.100,38.000,0.103
Mar/06,GLP,45641,R$/13kg,31.193,2.652,24.000,45.000,5.475,0.085,25.718,3.003,17.350,38.500,0.117
Apr/06,GLP,42345,R$/13kg,31.546,2.558,24.000,45.000,5.587,0.081,25.959,2.987,20.000,38.000,0.115
May/06,GLP,50336,R$/13kg,31.948,2.550,24.000,45.000,5.762,0.080,26.186,3.119,20.000,38.500,0.119
Jun/06,GLP,44998,R$/13kg,32.327,2.449,25.000,45.000,5.798,0.076,26.529,2.741,22.340,38.000,0.103
Jul/06,GLP,43557,R$/13kg,32.599,2.387,25.000,46.000,5.952,0.073,26.647,2.655,22.400,38.000,0.100
Aug/06,GLP,50099,R$/13kg,32.731,2.398,26.000,46.000,6.020,0.073,26.711,2.560,22.200,38.000,0.096
Sep/06,GLP,41036,R$/13kg,32.893,2.460,26.000,46.000,6.060,0.075,26.833,2.601,23.100,38.000,0.097
Oct/06,GLP,32363,R$/13kg,32.957,2.512,26.000,46.000,6.087,0.076,26.870,2.473,23.530,38.000,0.092
Nov/06,GLP,33165,R$/13kg,32.993,2.617,27.000,46.000,6.143,0.079,26.850,2.544,23.600,38.000,0.095
Dec/06,GLP,31345,R$/13kg,32.995,2.587,27.000,46.000,6.167,0.078,26.828,2.531,22.900,38.000,0.094
Jan/07,GLP,39244,R$/13kg,33.023,2.616,27.000,46.000,6.197,0.079,26.826,2.485,23.000,38.000,0.093
Feb/07,GLP,30969,R$/13kg,33.041,2.629,26.000,46.000,6.178,0.080,26.863,2.552,23.550,38.400,0.095
Mar/07,GLP,30793,R$/13kg,33.057,2.621,26.000,46.000,6.125,0.079,26.932,2.638,22.800,39.996,0.098
Apr/07,GLP,30000,R$/13kg,33.033,2.638,26.000,46.000,6.161,0.080,26.872,2.656,23.000,39.866,0.099
May/07,GLP,37531,R$/13kg,33.000,2.683,26.000,46.000,6.179,0.081,26.821,2.662,22.500,40.000,0.099
Jun/07,GLP,29840,R$/13kg,32.966,2.699,26.000,47.000,6.091,0.082,26.875,2.662,16.150,38.466,0.099
Jul/07,GLP,33640,R$/13kg,32.941,2.761,26.000,49.000,6.126,0.084,26.815,2.656,17.700,38.466,0.099
Aug/07,GLP,35062,R$/13kg,32.876,2.791,23.000,48.000,6.114,0.085,26.762,2.712,21.018,38.407,0.101
Sep/07,GLP,33216,R$/13kg,32.822,2.778,25.000,48.000,6.141,0.085,26.681,2.720,23.000,39.211,0.102
Oct/07,GLP,41453,R$/13kg,32.808,2.806,25.000,48.000,6.248,0.086,26.560,2.812,22.100,39.211,0.106
Nov/07,GLP,33643,R$/13kg,32.765,2.810,25.000,47.000,6.327,0.086,26.438,2.806,22.020,40.000,0.106
Dec/07,GLP,36385,R$/13kg,32.742,2.840,25.000,49.000,6.303,0.087,26.439,2.803,22.020,39.000,0.106
Jan/08,GLP,39208,R$/13kg,32.759,2.852,25.000,47.000,6.288,0.087,26.471,2.836,22.020,38.569,0.107
Feb/08,GLP,33692,R$/13kg,32.747,2.845,25.000,47.000,6.285,0.087,26.462,2.909,22.020,38.130,0.110
Mar/08,GLP,33966,R$/13kg,32.731,2.838,25.000,49.000,6.244,0.087,26.487,2.904,22.010,38.569,0.110
Apr/08,GLP,42550,R$/13kg,32.712,2.855,25.000,47.000,6.318,0.087,26.394,2.889,22.010,38.130,0.109
May/08,GLP,34007,R$/13kg,32.933,2.814,25.000,47.000,6.436,0.085,26.497,2.897,22.010,38.569,0.109
Jun/08,GLP,33644,R$/13kg,33.262,2.828,25.000,48.000,6.656,0.085,26.606,2.928,22.001,39.500,0.110
Jul/08,GLP,42079,R$/13kg,33.420,2.794,25.000,48.000,6.711,0.084,26.709,2.913,22.010,39.500,0.109
Aug/08,GLP,33610,R$/13kg,33.502,2.742,25.000,47.000,6.778,0.082,26.724,2.899,22.010,39.000,0.108
Sep/08,GLP,33717,R$/13kg,33.501,2.763,25.000,47.000,6.694,0.082,26.807,2.932,22.010,39.000,0.109
Oct/08,GLP,42085,R$/13kg,33.453,2.869,24.000,47.000,6.749,0.086,26.704,3.085,19.830,39.000,0.116
Nov/08,GLP,33584,R$/13kg,33.405,2.887,24.900,49.000,6.797,0.086,26.608,3.079,20.000,43.250,0.116
Dec/08,GLP,42163,R$/13kg,33.361,2.903,24.000,49.000,6.678,0.087,26.683,3.115,20.000,40.870,0.117
Jan/09,GLP,33827,R$/13kg,33.377,2.905,24.000,49.000,6.693,0.087,26.684,3.125,17.700,40.870,0.117
Feb/09,GLP,33809,R$/13kg,33.372,2.927,24.900,50.000,6.723,0.088,26.649,3.155,20.000,40.870,0.118
Mar/09,GLP,38494,R$/13kg,33.710,3.076,24.000,49.000,6.864,0.091,26.846,3.175,20.000,40.870,0.118
Apr/09,GLP,37271,R$/13kg,34.416,3.130,26.000,50.000,7.056,0.091,27.360,3.208,17.287,41.687,0.117
May/09,GLP,33588,R$/13kg,34.754,3.107,26.000,50.000,7.305,0.089,27.449,3.164,20.000,40.870,0.115
Jun/09,GLP,38073,R$/13kg,35.353,3.106,26.000,50.000,7.749,0.088,27.604,3.171,20.000,45.000,0.115
Jul/09,GLP,37583,R$/13kg,35.798,3.142,26.000,49.000,8.002,0.088,27.796,3.327,20.000,45.000,0.120
Aug/09,GLP,17344,R$/13kg,36.043,3.139,26.000,49.000,8.130,0.087,27.913,3.315,17.000,45.000,0.119
Sep/09,GLP,13458,R$/13kg,37.610,3.392,26.000,50.000,9.059,0.090,28.551,3.433,16.890,48.000,0.120
Oct/09,GLP,21528,R$/13kg,38.024,3.503,24.000,52.000,9.217,0.092,28.807,3.559,14.638,48.000,0.124
Nov/09,GLP,25240,R$/13kg,37.961,3.562,24.000,52.000,9.207,0.094,28.754,3.572,15.340,48.000,0.124
Dec/09,GLP,30635,R$/13kg,38.020,3.541,24.000,52.000,9.221,0.093,28.799,3.668,15.268,48.000,0.127
Jan/10,GLP,27348,R$/13kg,38.120,3.473,24.000,53.000,9.335,0.091,28.785,3.646,14.660,44.500,0.127
Feb/10,GLP,28852,R$/13kg,38.145,3.560,24.000,52.000,9.251,0.093,28.894,4.007,15.343,44.000,0.139
Mar/10,GLP,38669,R$/13kg,38.370,3.548,24.000,52.000,9.633,0.092,28.737,3.962,15.340,44.000,0.138
Apr/10,GLP,32548,R$/13kg,38.346,3.530,24.000,52.000,9.538,0.092,28.808,3.909,14.660,43.870,0.136
May/10,GLP,36107,R$/13kg,38.306,3.529,24.000,52.000,9.525,0.092,28.781,4.023,15.000,43.870,0.140
Jun/10,GLP,37455,R$/13kg,38.280,3.584,24.000,54.000,9.439,0.094,28.841,4.084,15.000,44.000,0.142
Jul/10,GLP,32332,R$/13kg,38.221,3.535,24.000,55.000,9.391,0.092,28.830,4.055,14.090,45.000,0.141
Aug/10,GLP,36823,R$/13kg,38.014,3.525,24.620,55.000,9.096,0.093,28.918,4.005,14.000,44.000,0.138
Sep/10,GLP,33836,R$/13kg,38.068,3.483,24.990,56.000,9.140,0.091,28.928,4.007,14.033,44.000,0.139
Oct/10,GLP,31620,R$/13kg,38.153,3.484,24.990,53.000,9.294,0.091,28.859,4.036,14.033,44.000,0.140
Nov/10,GLP,36955,R$/13kg,38.178,3.456,24.990,53.000,9.226,0.091,28.952,3.990,14.033,44.000,0.138
Dec/10,GLP,34259,R$/13kg,38.169,3.499,24.990,53.000,9.229,0.092,28.940,4.143,14.023,43.870,0.143
Jan/11,GLP,34331,R$/13kg,38.160,3.481,24.990,57.000,9.431,0.091,28.729,4.055,13.540,43.900,0.141
Feb/11,GLP,28911,R$/13kg,38.127,3.562,24.990,57.000,9.362,0.093,28.765,4.154,14.000,43.900,0.144
Mar/11,GLP,39566,R$/13kg,38.141,3.581,24.990,56.000,9.369,0.094,28.772,4.187,15.344,43.000,0.146
Apr/11,GLP,32101,R$/13kg,38.293,3.696,25.000,53.900,9.417,0.097,28.876,4.279,14.033,44.000,0.148
May/11,GLP,38120,R$/13kg,38.344,3.734,25.000,53.900,9.304,0.097,29.040,4.328,15.343,45.600,0.149
Jun/11,GLP,34393,R$/13kg,38.407,3.777,26.000,58.000,9.236,0.098,29.171,4.354,14.000,44.700,0.149
Jul/11,GLP,32253,R$/13kg,38.406,3.789,25.600,59.000,9.232,0.099,29.174,4.393,14.033,44.000,0.151
Aug/11,GLP,40184,R$/13kg,38.397,3.806,25.600,58.000,9.254,0.099,29.143,4.413,14.000,44.000,0.151
Sep/11,GLP,32372,R$/13kg,38.677,3.861,25.600,58.000,9.328,0.100,29.349,4.394,14.033,44.000,0.150
Oct/11,GLP,35417,R$/13kg,38.891,3.877,28.000,58.000,9.410,0.100,29.481,4.315,14.033,44.000,0.146
Nov/11,GLP,36826,R$/13kg,38.908,3.887,28.000,58.000,9.461,0.100,29.447,4.455,14.033,44.440,0.151
Dec/11,GLP,32324,R$/13kg,38.931,3.899,26.000,58.000,9.493,0.100,29.438,4.482,14.030,44.000,0.152
Jan/12,GLP,37847,R$/13kg,38.954,3.928,26.000,62.000,9.451,0.101,29.503,4.443,14.033,44.100,0.151
Feb/12,GLP,31848,R$/13kg,38.952,3.876,25.000,63.000,9.473,0.100,29.479,4.463,14.030,44.000,0.151
Mar/12,GLP,34915,R$/13kg,38.961,3.926,26.000,63.000,9.579,0.101,29.382,4.522,14.030,44.000,0.154
Apr/12,GLP,32948,R$/13kg,39.044,3.983,26.000,63.000,9.659,0.102,29.385,4.491,14.030,45.000,0.153
May/12,GLP,39358,R$/13kg,39.164,4.033,26.000,63.000,9.630,0.103,29.534,4.374,14.030,45.000,0.148
Jun/12,GLP,32140,R$/13kg,39.167,4.001,26.000,62.000,9.552,0.102,29.615,4.399,14.030,45.000,0.149
Jul/12,GLP,34829,R$/13kg,39.185,3.981,25.600,62.000,9.598,0.102,29.587,4.388,14.660,45.000,0.148
Aug/12,GLP,37705,R$/13kg,39.150,4.012,26.000,62.000,9.786,0.102,29.364,4.543,14.660,45.000,0.155
Sep/12,GLP,32222,R$/13kg,39.355,4.022,26.000,62.000,9.889,0.102,29.466,4.503,14.000,45.600,0.153
Oct/12,GLP,39891,R$/13kg,39.586,4.061,26.000,62.000,9.859,0.103,29.727,4.464,14.000,45.000,0.150
Nov/12,GLP,32518,R$/13kg,39.948,4.128,26.000,62.000,10.226,0.103,29.722,4.461,14.663,45.000,0.150
Dec/12,GLP,32833,R$/13kg,40.124,4.030,26.000,62.000,10.238,0.100,29.886,4.397,14.660,45.000,0.147
Jul/01,GNV,474,R$/m3,0.730,0.030,0.509,0.799,0.249,0.042,0.481,0.088,0.252,0.661,0.183
Aug/01,GNV,511,R$/m3,0.741,0.020,0.699,0.799,0.254,0.027,0.487,0.105,0.262,0.694,0.215
Sep/01,GNV,499,R$/m3,0.741,0.020,0.699,0.799,0.250,0.027,0.490,0.101,0.257,0.651,0.206
Oct/01,GNV,639,R$/m3,0.765,0.025,0.699,0.899,0.281,0.033,0.485,0.111,0.228,0.655,0.230
Nov/01,GNV,534,R$/m3,0.780,0.021,0.699,0.899,0.277,0.027,0.503,0.116,0.228,0.706,0.231
Dec/01,GNV,644,R$/m3,0.781,0.022,0.699,0.899,0.276,0.029,0.505,0.113,0.257,0.706,0.225
Jan/02,GNV,714,R$/m3,0.782,0.026,0.699,0.899,0.277,0.033,0.505,0.116,0.248,0.755,0.230
Feb/02,GNV,709,R$/m3,0.781,0.027,0.699,0.899,0.292,0.035,0.489,0.120,0.243,0.729,0.246
Mar/02,GNV,788,R$/m3,0.781,0.033,0.670,0.949,0.297,0.042,0.484,0.127,0.268,0.779,0.262
Apr/02,GNV,1053,R$/m3,0.788,0.039,0.650,0.949,0.315,0.050,0.473,0.132,0.259,0.779,0.279
May/02,GNV,1171,R$/m3,0.795,0.048,0.650,0.949,0.310,0.060,0.485,0.137,0.268,0.779,0.282
Jun/02,GNV,941,R$/m3,0.794,0.047,0.650,0.949,0.311,0.059,0.484,0.137,0.244,0.780,0.284
Jul/02,GNV,1384,R$/m3,0.820,0.065,0.669,0.989,0.328,0.079,0.492,0.142,0.245,0.860,0.288
Aug/02,GNV,1263,R$/m3,0.825,0.070,0.599,0.989,0.323,0.085,0.502,0.149,0.270,0.799,0.298
Sep/02,GNV,1056,R$/m3,0.826,0.071,0.490,0.989,0.321,0.086,0.505,0.148,0.270,0.799,0.294
Oct/02,GNV,1160,R$/m3,0.833,0.063,0.679,0.998,0.308,0.076,0.525,0.143,0.270,0.800,0.271
Nov/02,GNV,1019,R$/m3,0.898,0.081,0.679,1.068,0.362,0.090,0.537,0.143,0.270,0.818,0.267
Dec/02,GNV,1269,R$/m3,0.937,0.053,0.769,1.060,0.343,0.057,0.594,0.158,0.270,0.853,0.266
Jan/03,GNV,1085,R$/m3,1.029,0.094,0.799,1.199,0.395,0.092,0.635,0.164,0.313,0.970,0.259
Feb/03,GNV,1082,R$/m3,1.071,0.066,0.849,1.399,0.375,0.061,0.696,0.181,0.330,0.999,0.260
Mar/03,GNV,1143,R$/m3,1.070,0.070,0.876,1.399,0.363,0.065,0.707,0.168,0.330,1.089,0.238
Apr/03,GNV,1366,R$/m3,1.068,0.073,0.876,1.448,0.345,0.069,0.723,0.160,0.378,1.130,0.222
May/03,GNV,1176,R$/m3,1.066,0.075,0.899,1.399,0.348,0.071,0.717,0.159,0.380,1.130,0.222
Jun/03,GNV,1344,R$/m3,1.063,0.077,0.899,1.399,0.355,0.072,0.707,0.160,0.380,1.090,0.227
Jul/03,GNV,1520,R$/m3,1.061,0.079,0.870,1.399,0.353,0.074,0.708,0.160,0.405,1.090,0.226
Aug/03,GNV,1294,R$/m3,1.058,0.082,0.799,1.399,0.356,0.077,0.702,0.159,0.388,1.090,0.227
Sep/03,GNV,1663,R$/m3,1.060,0.082,0.859,1.399,0.348,0.077,0.712,0.157,0.405,1.090,0.220
Oct/03,GNV,1549,R$/m3,1.062,0.083,0.830,1.399,0.342,0.078,0.720,0.153,0.405,1.090,0.213
Nov/03,GNV,1479,R$/m3,1.064,0.077,0.799,1.399,0.354,0.073,0.710,0.156,0.405,1.090,0.220
Dec/03,GNV,1892,R$/m3,1.065,0.077,0.799,1.349,0.355,0.072,0.710,0.154,0.388,1.214,0.217
Jan/04,GNV,1531,R$/m3,1.074,0.078,0.799,1.319,0.365,0.073,0.710,0.153,0.380,1.085,0.216
Feb/04,GNV,1551,R$/m3,1.075,0.081,0.850,1.319,0.369,0.076,0.706,0.155,0.380,1.065,0.219
Mar/04,GNV,1974,R$/m3,1.076,0.082,0.850,1.319,0.364,0.076,0.712,0.156,0.380,1.030,0.220
Apr/04,GNV,1634,R$/m3,1.073,0.082,0.799,1.288,0.361,0.076,0.712,0.155,0.404,1.033,0.218
May/04,GNV,1800,R$/m3,1.130,0.083,0.840,1.288,0.311,0.073,0.819,0.157,0.421,1.020,0.192
Jun/04,GNV,2698,R$/m3,1.135,0.062,0.850,1.288,0.320,0.055,0.815,0.164,0.421,1.033,0.201
Jul/04,GNV,2388,R$/m3,1.152,0.056,0.880,1.399,0.337,0.049,0.815,0.159,0.421,1.033,0.195
Aug/04,GNV,2904,R$/m3,1.150,0.059,0.880,1.399,0.332,0.051,0.818,0.154,0.410,1.041,0.188
Sep/04,GNV,2714,R$/m3,1.151,0.062,0.920,1.399,0.338,0.054,0.813,0.151,0.421,1.041,0.186
Oct/04,GNV,2597,R$/m3,1.151,0.067,0.899,1.399,0.337,0.058,0.814,0.151,0.440,1.041,0.186
Nov/04,GNV,3175,R$/m3,1.091,0.063,0.899,1.399,0.391,0.058,0.700,0.150,0.440,1.279,0.214
Dec/04,GNV,2848,R$/m3,1.096,0.070,0.909,1.399,0.390,0.064,0.706,0.153,0.440,1.270,0.217
Jan/05,GNV,3232,R$/m3,1.103,0.074,0.829,1.399,0.403,0.067,0.700,0.154,0.440,1.279,0.220
Feb/05,GNV,2522,R$/m3,1.104,0.076,0.899,1.399,0.404,0.069,0.700,0.155,0.363,1.000,0.221
Mar/05,GNV,3390,R$/m3,1.104,0.088,0.799,1.490,0.404,0.080,0.700,0.158,0.421,1.279,0.226
Apr/05,GNV,2904,R$/m3,1.106,0.099,0.699,1.399,0.400,0.090,0.706,0.159,0.454,1.279,0.225
May/05,GNV,3437,R$/m3,1.107,0.099,0.659,1.399,0.404,0.089,0.703,0.161,0.452,1.027,0.229
Jun/05,GNV,3233,R$/m3,1.139,0.094,0.869,1.550,0.409,0.083,0.730,0.164,0.456,1.040,0.225
Jul/05,GNV,3031,R$/m3,1.142,0.097,0.899,1.599,0.400,0.085,0.742,0.166,0.418,1.040,0.224
Aug/05,GNV,1808,R$/m3,1.136,0.118,0.779,1.699,0.391,0.104,0.745,0.162,0.456,1.077,0.217
Sep/05,GNV,1385,R$/m3,1.193,0.116,0.940,1.899,0.435,0.097,0.758,0.176,0.418,1.547,0.232
Oct/05,GNV,2223,R$/m3,1.189,0.103,0.949,1.450,0.429,0.087,0.760,0.180,0.456,1.250,0.237
Nov/05,GNV,2821,R$/m3,1.204,0.122,0.949,1.490,0.431,0.101,0.773,0.180,0.474,1.250,0.233
Dec/05,GNV,2325,R$/m3,1.208,0.136,0.949,1.770,0.423,0.113,0.785,0.182,0.474,1.250,0.232
Jan/06,GNV,2701,R$/m3,1.202,0.142,0.940,1.590,0.427,0.118,0.775,0.177,0.474,1.151,0.228
Feb/06,GNV,2097,R$/m3,1.225,0.138,0.949,1.680,0.450,0.113,0.775,0.181,0.494,1.180,0.234
Mar/06,GNV,2832,R$/m3,1.240,0.141,0.929,1.680,0.429,0.114,0.811,0.191,0.474,1.250,0.236
Apr/06,GNV,2193,R$/m3,1.250,0.134,0.899,1.790,0.427,0.107,0.823,0.191,0.473,1.250,0.232
May/06,GNV,2746,R$/m3,1.251,0.143,0.799,1.790,0.436,0.114,0.815,0.199,0.474,1.443,0.244
Jun/06,GNV,2411,R$/m3,1.251,0.155,0.799,1.790,0.427,0.124,0.824,0.200,0.494,1.400,0.243
Jul/06,GNV,2554,R$/m3,1.238,0.178,0.799,1.840,0.415,0.144,0.823,0.207,0.486,1.470,0.252
Aug/06,GNV,2935,R$/m3,1.267,0.159,0.850,1.840,0.442,0.125,0.825,0.215,0.474,1.470,0.261
Sep/06,GNV,2555,R$/m3,1.270,0.154,1.039,1.840,0.434,0.121,0.836,0.218,0.474,1.520,0.261
Oct/06,GNV,2427,R$/m3,1.272,0.153,0.999,1.840,0.430,0.120,0.842,0.213,0.473,1.520,0.253
Nov/06,GNV,2411,R$/m3,1.266,0.158,0.950,1.870,0.432,0.125,0.834,0.212,0.475,1.520,0.254
Dec/06,GNV,2196,R$/m3,1.269,0.155,0.950,1.840,0.437,0.122,0.832,0.217,0.473,1.520,0.261
Jan/07,GNV,3032,R$/m3,1.271,0.153,0.999,1.870,0.435,0.120,0.836,0.215,0.507,1.540,0.257
Feb/07,GNV,2797,R$/m3,1.271,0.156,0.790,1.870,0.443,0.123,0.828,0.222,0.482,1.540,0.268
Mar/07,GNV,2898,R$/m3,1.269,0.161,0.799,1.890,0.431,0.127,0.838,0.220,0.495,1.676,0.263
Apr/07,GNV,2969,R$/m3,1.268,0.158,0.790,1.870,0.435,0.125,0.833,0.218,0.504,1.618,0.262
May/07,GNV,3906,R$/m3,1.338,0.163,0.989,1.900,0.491,0.122,0.847,0.229,0.511,1.618,0.270
Jun/07,GNV,3158,R$/m3,1.349,0.163,1.050,1.900,0.476,0.121,0.873,0.223,0.511,1.620,0.255
Jul/07,GNV,3854,R$/m3,1.348,0.172,0.980,1.900,0.468,0.128,0.880,0.220,0.533,1.670,0.250
Aug/07,GNV,2433,R$/m3,1.354,0.174,0.950,1.900,0.451,0.129,0.903,0.220,0.586,1.660,0.244
Sep/07,GNV,1842,R$/m3,1.354,0.171,0.959,1.900,0.446,0.126,0.908,0.222,0.586,1.698,0.244
Oct/07,GNV,2399,R$/m3,1.371,0.174,0.999,1.900,0.435,0.127,0.936,0.222,0.603,1.698,0.237
Nov/07,GNV,1892,R$/m3,1.373,0.176,0.999,1.900,0.435,0.128,0.938,0.213,0.620,1.670,0.227
Dec/07,GNV,2129,R$/m3,1.378,0.173,0.949,1.900,0.441,0.126,0.937,0.206,0.632,1.672,0.220
Jan/08,GNV,2130,R$/m3,1.436,0.180,0.949,1.990,0.480,0.125,0.956,0.223,0.634,1.767,0.233
Feb/08,GNV,1916,R$/m3,1.453,0.188,0.999,1.990,0.469,0.129,0.984,0.213,0.641,1.767,0.216
Mar/08,GNV,1896,R$/m3,1.453,0.190,0.999,1.960,0.443,0.131,1.010,0.196,0.655,1.767,0.194
Apr/08,GNV,2468,R$/m3,1.452,0.196,0.999,2.049,0.448,0.135,1.004,0.199,0.562,1.859,0.198
May/08,GNV,1896,R$/m3,1.468,0.182,1.049,2.049,0.443,0.124,1.025,0.194,0.562,1.859,0.189
Jun/08,GNV,1951,R$/m3,1.556,0.138,1.059,2.150,0.514,0.089,1.042,0.201,0.655,1.859,0.193
Jul/08,GNV,2450,R$/m3,1.599,0.126,1.219,2.150,0.467,0.079,1.132,0.202,0.674,1.859,0.178
Aug/08,GNV,1942,R$/m3,1.637,0.127,1.295,2.249,0.476,0.078,1.161,0.195,0.732,1.859,0.168
Sep/08,GNV,2000,R$/m3,1.651,0.132,1.359,2.249,0.471,0.080,1.180,0.184,0.732,1.859,0.156
Oct/08,GNV,2582,R$/m3,1.657,0.137,1.290,2.249,0.452,0.083,1.205,0.177,0.748,1.899,0.147
Nov/08,GNV,2064,R$/m3,1.670,0.153,1.259,2.300,0.457,0.092,1.213,0.183,0.817,2.000,0.151
Dec/08,GNV,2597,R$/m3,1.715,0.145,1.349,2.550,0.466,0.085,1.249,0.178,0.817,2.326,0.143
Jan/09,GNV,2060,R$/m3,1.767,0.121,1.359,2.550,0.504,0.068,1.263,0.187,0.817,2.326,0.148
Feb/09,GNV,2096,R$/m3,1.730,0.140,1.350,2.550,0.423,0.081,1.307,0.182,0.817,2.367,0.139
Mar/09,GNV,2470,R$/m3,1.715,0.149,1.339,2.590,0.430,0.087,1.285,0.195,0.817,2.400,0.152
Apr/09,GNV,2300,R$/m3,1.690,0.154,1.249,2.590,0.418,0.091,1.272,0.198,0.817,2.400,0.156
May/09,GNV,2253,R$/m3,1.661,0.149,1.269,2.550,0.409,0.090,1.252,0.192,0.915,2.400,0.153
Jun/09,GNV,2545,R$/m3,1.608,0.152,1.180,2.398,0.404,0.095,1.204,0.186,0.817,2.218,0.154
Jul/09,GNV,2491,R$/m3,1.578,0.139,1.259,2.390,0.414,0.088,1.164,0.182,0.817,2.213,0.156
Aug/09,GNV,1177,R$/m3,1.570,0.143,1.259,2.390,0.398,0.091,1.172,0.174,0.793,1.779,0.148
Sep/09,GNV,1878,R$/m3,1.548,0.172,1.129,2.760,0.398,0.111,1.150,0.193,0.457,2.213,0.168
Oct/09,GNV,1913,R$/m3,1.567,0.165,1.179,2.630,0.427,0.105,1.140,0.213,0.705,2.213,0.187
Nov/09,GNV,2237,R$/m3,1.577,0.173,1.189,2.579,0.435,0.110,1.142,0.216,0.699,2.213,0.189
Dec/09,GNV,2419,R$/m3,1.587,0.173,1.259,2.390,0.426,0.109,1.161,0.226,0.746,2.213,0.195
Jan/10,GNV,2125,R$/m3,1.579,0.175,1.198,2.390,0.423,0.111,1.156,0.220,0.746,2.142,0.190
Feb/10,GNV,2214,R$/m3,1.584,0.176,1.170,2.390,0.430,0.111,1.154,0.222,0.768,2.142,0.192
Mar/10,GNV,2817,R$/m3,1.595,0.175,1.197,2.400,0.432,0.110,1.163,0.211,0.633,2.160,0.181
Apr/10,GNV,2256,R$/m3,1.582,0.181,1.119,2.390,0.422,0.114,1.160,0.223,0.768,2.160,0.192
May/10,GNV,2353,R$/m3,1.608,0.162,1.259,2.339,0.425,0.101,1.183,0.206,0.709,2.160,0.174
Jun/10,GNV,2750,R$/m3,1.607,0.163,1.259,2.400,0.407,0.101,1.200,0.196,0.774,2.205,0.163
Jul/10,GNV,2227,R$/m3,1.607,0.163,1.159,2.369,0.400,0.101,1.207,0.185,0.771,2.220,0.153
Aug/10,GNV,2459,R$/m3,1.613,0.163,1.299,2.389,0.394,0.101,1.219,0.191,0.768,2.200,0.157
Sep/10,GNV,2296,R$/m3,1.611,0.161,1.299,2.389,0.392,0.100,1.219,0.180,0.749,2.200,0.148
Oct/10,GNV,2102,R$/m3,1.616,0.159,1.299,2.389,0.390,0.098,1.226,0.175,0.767,2.240,0.143
Nov/10,GNV,2568,R$/m3,1.618,0.157,1.299,2.389,0.382,0.097,1.236,0.183,0.768,2.240,0.148
Dec/10,GNV,2072,R$/m3,1.572,0.193,1.097,2.389,0.365,0.123,1.207,0.191,0.769,2.216,0.158
Jan/11,GNV,2237,R$/m3,1.552,0.217,1.099,2.389,0.379,0.140,1.173,0.210,0.751,2.212,0.179
Feb/11,GNV,1820,R$/m3,1.555,0.215,1.099,2.389,0.391,0.138,1.164,0.215,0.604,2.212,0.185
Mar/11,GNV,2570,R$/m3,1.566,0.229,1.049,2.389,0.383,0.146,1.183,0.203,0.653,2.212,0.172
Apr/11,GNV,1977,R$/m3,1.602,0.212,1.099,2.389,0.412,0.132,1.190,0.207,0.627,1.750,0.174
May/11,GNV,2419,R$/m3,1.627,0.198,1.099,2.389,0.427,0.122,1.200,0.200,0.620,1.891,0.167
Jun/11,GNV,2226,R$/m3,1.631,0.200,1.099,2.389,0.420,0.123,1.211,0.203,0.631,2.007,0.168
Jul/11,GNV,2079,R$/m3,1.618,0.204,1.099,2.409,0.399,0.126,1.219,0.201,0.631,2.006,0.165
Aug/11,GNV,2591,R$/m3,1.617,0.199,1.099,2.409,0.389,0.123,1.228,0.202,0.696,2.236,0.164
Sep/11,GNV,2192,R$/m3,1.611,0.202,1.099,2.409,0.400,0.125,1.211,0.195,0.709,2.006,0.161
Oct/11,GNV,2321,R$/m3,1.614,0.203,1.099,2.449,0.405,0.126,1.209,0.207,0.631,2.247,0.171
Nov/11,GNV,2335,R$/m3,1.610,0.203,1.099,2.310,0.395,0.126,1.215,0.202,0.631,2.080,0.166
Dec/11,GNV,2022,R$/m3,1.623,0.194,1.099,2.499,0.411,0.120,1.212,0.194,0.631,1.980,0.160
Jan/12,GNV,2398,R$/m3,1.632,0.181,1.189,2.549,0.403,0.111,1.229,0.182,0.663,1.760,0.148
Feb/12,GNV,2091,R$/m3,1.635,0.185,1.009,2.549,0.418,0.113,1.217,0.204,0.696,2.252,0.168
Mar/12,GNV,2020,R$/m3,1.634,0.185,1.199,2.369,0.406,0.113,1.228,0.167,0.696,1.708,0.136
Apr/12,GNV,2094,R$/m3,1.694,0.191,1.189,2.369,0.417,0.113,1.277,0.180,0.697,1.773,0.141
May/12,GNV,2559,R$/m3,1.711,0.197,1.190,2.369,0.423,0.115,1.288,0.185,0.697,1.822,0.144
Jun/12,GNV,2128,R$/m3,1.726,0.189,1.190,2.579,0.432,0.110,1.294,0.174,0.791,1.822,0.134
Jul/12,GNV,2460,R$/m3,1.734,0.187,1.290,2.579,0.430,0.108,1.304,0.173,0.768,1.911,0.133
Aug/12,GNV,2204,R$/m3,1.739,0.188,1.279,2.490,0.427,0.108,1.312,0.157,0.870,1.830,0.120
Sep/12,GNV,2049,R$/m3,1.740,0.184,1.349,2.399,0.392,0.106,1.348,0.160,0.786,1.878,0.119
Oct/12,GNV,2538,R$/m3,1.741,0.183,1.349,2.399,0.400,0.105,1.341,0.167,0.830,1.866,0.125
Nov/12,GNV,2078,R$/m3,1.742,0.184,1.319,2.399,0.401,0.106,1.341,0.160,0.878,1.918,0.119
Dec/12,GNV,2081,R$/m3,1.757,0.171,1.359,2.599,0.407,0.097,1.350,0.158,0.886,1.970,0.117
Jul/01,ÓLEO DIESEL,14011,R$/l,0.829,0.042,0.659,1.000,0.103,0.051,0.726,0.050,0.512,0.930,0.068
Aug/01,ÓLEO DIESEL,24726,R$/l,0.850,0.046,0.699,1.280,0.100,0.054,0.750,0.044,0.519,0.979,0.059
Sep/01,ÓLEO DIESEL,29217,R$/l,0.860,0.047,0.729,1.280,0.105,0.054,0.755,0.044,0.592,0.960,0.058
Oct/01,ÓLEO DIESEL,37296,R$/l,0.898,0.053,0.690,1.390,0.123,0.059,0.776,0.049,0.543,0.982,0.063
Nov/01,ÓLEO DIESEL,30633,R$/l,0.908,0.049,0.739,1.320,0.120,0.054,0.787,0.048,0.593,1.020,0.061
Dec/01,ÓLEO DIESEL,34126,R$/l,0.908,0.049,0.770,1.320,0.121,0.054,0.787,0.048,0.490,0.990,0.061
Jan/02,ÓLEO DIESEL,36644,R$/l,0.884,0.047,0.658,1.320,0.133,0.053,0.751,0.047,0.532,0.961,0.063
Feb/02,ÓLEO DIESEL,32373,R$/l,0.878,0.045,0.700,1.320,0.131,0.051,0.747,0.044,0.578,0.932,0.058
Mar/02,ÓLEO DIESEL,32492,R$/l,0.889,0.045,0.701,1.320,0.130,0.051,0.759,0.043,0.557,0.956,0.056
Apr/02,ÓLEO DIESEL,39991,R$/l,0.958,0.049,0.710,1.390,0.146,0.051,0.812,0.050,0.578,1.030,0.062
May/02,ÓLEO DIESEL,41764,R$/l,0.976,0.049,0.799,1.390,0.138,0.050,0.838,0.048,0.629,1.043,0.057
Jun/02,ÓLEO DIESEL,32784,R$/l,0.988,0.047,0.810,1.390,0.135,0.048,0.853,0.045,0.503,1.049,0.052
Jul/02,ÓLEO DIESEL,48633,R$/l,1.064,0.057,0.820,1.390,0.155,0.053,0.909,0.055,0.620,1.120,0.061
Aug/02,ÓLEO DIESEL,39510,R$/l,1.068,0.052,0.718,1.400,0.141,0.049,0.927,0.045,0.620,1.134,0.049
Sep/02,ÓLEO DIESEL,33774,R$/l,1.066,0.052,0.899,1.390,0.139,0.049,0.927,0.044,0.604,1.134,0.048
Oct/02,ÓLEO DIESEL,35062,R$/l,1.068,0.052,0.880,1.390,0.139,0.049,0.928,0.044,0.665,1.134,0.048
Nov/02,ÓLEO DIESEL,30469,R$/l,1.264,0.068,0.900,1.690,0.211,0.054,1.053,0.097,0.651,1.379,0.092
Dec/02,ÓLEO DIESEL,37539,R$/l,1.392,0.090,0.999,1.940,0.206,0.064,1.186,0.076,0.819,1.495,0.064
Jan/03,ÓLEO DIESEL,30766,R$/l,1.527,0.077,1.200,1.940,0.203,0.050,1.324,0.085,0.875,1.633,0.064
Feb/03,ÓLEO DIESEL,30340,R$/l,1.539,0.077,1.320,1.940,0.184,0.050,1.355,0.065,0.885,1.596,0.048
Mar/03,ÓLEO DIESEL,32998,R$/l,1.537,0.077,1.299,1.940,0.178,0.050,1.358,0.059,1.045,1.651,0.044
Apr/03,ÓLEO DIESEL,35327,R$/l,1.529,0.078,1.250,1.940,0.175,0.051,1.354,0.059,1.042,1.590,0.043
May/03,ÓLEO DIESEL,30443,R$/l,1.456,0.077,1.230,1.900,0.180,0.053,1.276,0.065,0.983,1.652,0.051
Jun/03,ÓLEO DIESEL,33842,R$/l,1.429,0.076,1.039,1.980,0.176,0.053,1.253,0.056,0.905,1.573,0.045
Jul/03,ÓLEO DIESEL,35091,R$/l,1.416,0.075,1.149,1.980,0.170,0.053,1.245,0.054,0.946,1.541,0.044
Aug/03,ÓLEO DIESEL,30058,R$/l,1.408,0.076,1.200,1.900,0.169,0.054,1.239,0.054,0.949,1.506,0.043
Sep/03,ÓLEO DIESEL,36411,R$/l,1.401,0.076,1.148,1.900,0.170,0.054,1.230,0.053,0.931,1.595,0.043
Oct/03,ÓLEO DIESEL,31463,R$/l,1.395,0.076,1.178,1.900,0.169,0.055,1.227,0.054,0.980,1.547,0.044
Nov/03,ÓLEO DIESEL,30109,R$/l,1.391,0.077,1.090,1.930,0.166,0.055,1.226,0.053,0.980,1.686,0.043
Dec/03,ÓLEO DIESEL,37474,R$/l,1.390,0.076,1.190,1.900,0.166,0.055,1.224,0.051,0.973,1.490,0.042
Jan/04,ÓLEO DIESEL,29928,R$/l,1.393,0.075,1.210,1.900,0.164,0.054,1.229,0.052,1.000,1.495,0.042
Feb/04,ÓLEO DIESEL,29915,R$/l,1.392,0.075,1.210,1.900,0.163,0.054,1.230,0.053,1.001,1.495,0.043
Mar/04,ÓLEO DIESEL,37335,R$/l,1.390,0.075,1.199,1.900,0.161,0.054,1.228,0.053,1.001,1.496,0.043
Apr/04,ÓLEO DIESEL,29930,R$/l,1.387,0.074,1.134,1.900,0.159,0.053,1.228,0.053,1.001,1.501,0.043
May/04,ÓLEO DIESEL,36726,R$/l,1.440,0.080,1.180,1.900,0.177,0.056,1.263,0.054,1.003,1.549,0.043
Jun/04,ÓLEO DIESEL,47940,R$/l,1.494,0.097,1.150,1.990,0.195,0.065,1.299,0.072,0.731,1.590,0.055
Jul/04,ÓLEO DIESEL,42470,R$/l,1.547,0.083,1.288,2.050,0.189,0.054,1.358,0.060,1.131,1.650,0.044
Aug/04,ÓLEO DIESEL,51366,R$/l,1.548,0.081,1.290,2.050,0.187,0.052,1.361,0.055,1.073,1.651,0.040
Sep/04,ÓLEO DIESEL,43842,R$/l,1.548,0.081,1.290,2.050,0.185,0.052,1.363,0.055,1.129,1.657,0.040
Oct/04,ÓLEO DIESEL,42214,R$/l,1.580,0.089,1.290,2.150,0.199,0.056,1.381,0.062,1.200,1.703,0.045
Nov/04,ÓLEO DIESEL,50184,R$/l,1.591,0.095,1.339,2.150,0.186,0.060,1.405,0.065,1.222,1.836,0.046
Dec/04,ÓLEO DIESEL,44164,R$/l,1.692,0.088,1.429,2.150,0.199,0.052,1.493,0.070,1.222,1.876,0.047
Jan/05,ÓLEO DIESEL,49264,R$/l,1.690,0.086,1.460,2.370,0.189,0.051,1.501,0.059,1.220,1.857,0.039
Feb/05,ÓLEO DIESEL,39403,R$/l,1.687,0.087,1.399,2.370,0.187,0.052,1.500,0.060,1.187,1.827,0.040
Mar/05,ÓLEO DIESEL,47745,R$/l,1.684,0.087,1.129,2.370,0.187,0.052,1.497,0.060,1.222,1.886,0.040
Apr/05,ÓLEO DIESEL,41885,R$/l,1.683,0.085,1.460,2.350,0.183,0.051,1.500,0.058,1.222,1.886,0.039
May/05,ÓLEO DIESEL,49831,R$/l,1.697,0.086,1.460,2.350,0.179,0.051,1.518,0.059,1.187,1.925,0.039
Jun/05,ÓLEO DIESEL,44191,R$/l,1.695,0.087,1.450,2.350,0.175,0.051,1.520,0.059,1.222,1.925,0.039
Jul/05,ÓLEO DIESEL,41705,R$/l,1.694,0.087,1.460,2.350,0.174,0.051,1.520,0.059,1.220,1.941,0.039
Aug/05,ÓLEO DIESEL,26947,R$/l,1.694,0.086,1.300,2.350,0.174,0.051,1.520,0.060,1.357,1.990,0.039
Sep/05,ÓLEO DIESEL,26797,R$/l,1.830,0.120,1.440,2.500,0.220,0.066,1.610,0.104,1.010,2.190,0.065
Oct/05,ÓLEO DIESEL,36406,R$/l,1.885,0.087,1.340,2.790,0.195,0.046,1.690,0.067,1.072,2.180,0.040
Nov/05,ÓLEO DIESEL,47139,R$/l,1.888,0.091,1.599,2.630,0.192,0.048,1.696,0.064,1.269,2.181,0.038
Dec/05,ÓLEO DIESEL,42071,R$/l,1.888,0.093,1.650,2.600,0.193,0.049,1.695,0.063,1.353,2.181,0.037
Jan/06,ÓLEO DIESEL,48593,R$/l,1.889,0.093,1.630,2.650,0.194,0.049,1.695,0.063,1.328,2.162,0.037
Feb/06,ÓLEO DIESEL,35831,R$/l,1.889,0.095,1.610,2.650,0.192,0.050,1.697,0.063,1.496,2.200,0.037
Mar/06,ÓLEO DIESEL,47633,R$/l,1.889,0.097,1.640,2.698,0.193,0.051,1.696,0.064,1.425,2.168,0.038
Apr/06,ÓLEO DIESEL,39552,R$/l,1.889,0.097,1.640,2.590,0.193,0.051,1.696,0.066,1.340,2.161,0.039
May/06,ÓLEO DIESEL,47372,R$/l,1.886,0.098,1.589,2.680,0.191,0.052,1.695,0.066,1.165,2.163,0.039
Jun/06,ÓLEO DIESEL,41082,R$/l,1.883,0.097,1.660,2.580,0.190,0.052,1.693,0.065,1.510,2.166,0.038
Jul/06,ÓLEO DIESEL,41567,R$/l,1.883,0.099,1.659,2.580,0.190,0.053,1.693,0.065,1.425,2.160,0.038
Aug/06,ÓLEO DIESEL,46192,R$/l,1.882,0.097,1.679,2.580,0.188,0.052,1.694,0.065,1.425,2.169,0.038
Sep/06,ÓLEO DIESEL,35684,R$/l,1.880,0.098,1.630,2.580,0.182,0.052,1.698,0.066,1.425,2.169,0.039
Oct/06,ÓLEO DIESEL,34528,R$/l,1.879,0.099,1.660,2.580,0.182,0.053,1.697,0.066,1.427,2.169,0.039
Nov/06,ÓLEO DIESEL,33711,R$/l,1.879,0.097,1.649,2.580,0.183,0.052,1.696,0.065,1.425,2.169,0.038
Dec/06,ÓLEO DIESEL,30233,R$/l,1.878,0.098,1.660,2.580,0.182,0.052,1.696,0.067,1.425,2.169,0.040
Jan/07,ÓLEO DIESEL,40045,R$/l,1.878,0.098,1.650,2.700,0.181,0.052,1.697,0.066,1.425,2.170,0.039
Feb/07,ÓLEO DIESEL,33628,R$/l,1.877,0.097,1.650,2.580,0.180,0.052,1.697,0.066,1.415,2.215,0.039
Mar/07,ÓLEO DIESEL,33835,R$/l,1.878,0.098,1.630,2.580,0.182,0.052,1.696,0.066,1.222,2.172,0.039
Apr/07,ÓLEO DIESEL,34732,R$/l,1.879,0.097,1.620,2.580,0.184,0.052,1.695,0.066,1.415,2.172,0.039
May/07,ÓLEO DIESEL,40734,R$/l,1.877,0.095,1.649,2.580,0.182,0.051,1.695,0.064,1.415,2.157,0.038
Jun/07,ÓLEO DIESEL,30949,R$/l,1.875,0.095,1.649,2.580,0.180,0.051,1.695,0.064,1.425,2.158,0.038
Jul/07,ÓLEO DIESEL,35057,R$/l,1.873,0.093,1.659,2.580,0.178,0.050,1.695,0.063,1.425,2.158,0.037
Aug/07,ÓLEO DIESEL,28489,R$/l,1.875,0.094,1.640,2.580,0.180,0.050,1.695,0.062,1.425,2.221,0.037
Sep/07,ÓLEO DIESEL,21320,R$/l,1.873,0.095,1.656,2.580,0.178,0.051,1.695,0.060,1.425,2.158,0.035
Oct/07,ÓLEO DIESEL,27815,R$/l,1.872,0.093,1.629,2.500,0.176,0.050,1.696,0.058,1.425,2.039,0.034
Nov/07,ÓLEO DIESEL,22113,R$/l,1.876,0.096,1.670,2.580,0.176,0.051,1.700,0.061,1.425,2.160,0.036
Dec/07,ÓLEO DIESEL,24777,R$/l,1.880,0.099,1.658,2.580,0.176,0.053,1.704,0.063,1.425,2.165,0.037
Jan/08,ÓLEO DIESEL,33019,R$/l,1.891,0.093,1.667,2.580,0.174,0.049,1.717,0.060,1.425,2.181,0.035
Feb/08,ÓLEO DIESEL,29865,R$/l,1.894,0.094,1.690,2.580,0.173,0.050,1.721,0.062,1.580,2.184,0.036
Mar/08,ÓLEO DIESEL,29945,R$/l,1.895,0.095,1.677,2.580,0.174,0.050,1.721,0.062,1.580,2.206,0.036
Apr/08,ÓLEO DIESEL,37337,R$/l,1.896,0.095,1.690,2.580,0.174,0.050,1.722,0.063,1.559,2.208,0.037
May/08,ÓLEO DIESEL,29709,R$/l,2.059,0.101,1.740,2.750,0.221,0.049,1.838,0.090,1.593,2.373,0.049
Jun/08,ÓLEO DIESEL,29860,R$/l,2.068,0.095,1.729,2.750,0.196,0.046,1.872,0.066,1.590,2.294,0.035
Jul/08,ÓLEO DIESEL,37275,R$/l,2.107,0.094,1.849,2.750,0.199,0.045,1.908,0.067,1.640,2.331,0.035
Aug/08,ÓLEO DIESEL,29743,R$/l,2.120,0.092,1.850,2.758,0.194,0.043,1.926,0.063,1.710,2.352,0.033
Sep/08,ÓLEO DIESEL,29865,R$/l,2.122,0.092,1.850,2.790,0.196,0.043,1.926,0.064,1.603,2.332,0.033
Oct/08,ÓLEO DIESEL,37320,R$/l,2.123,0.093,1.839,2.790,0.196,0.044,1.927,0.064,1.715,2.370,0.033
Nov/08,ÓLEO DIESEL,29945,R$/l,2.125,0.093,1.869,2.790,0.197,0.044,1.928,0.064,1.715,2.333,0.033
Dec/08,ÓLEO DIESEL,37354,R$/l,2.126,0.095,1.789,2.790,0.200,0.045,1.926,0.064,1.761,2.500,0.033
Jan/09,ÓLEO DIESEL,29693,R$/l,2.125,0.095,1.890,2.790,0.197,0.045,1.928,0.065,1.770,2.500,0.034
Feb/09,ÓLEO DIESEL,29652,R$/l,2.126,0.095,1.899,2.980,0.200,0.045,1.926,0.066,1.780,2.403,0.034
Mar/09,ÓLEO DIESEL,34806,R$/l,2.125,0.095,1.899,2.790,0.202,0.045,1.923,0.067,1.770,2.361,0.035
Apr/09,ÓLEO DIESEL,32146,R$/l,2.123,0.094,1.849,2.790,0.203,0.044,1.920,0.067,1.770,2.364,0.035
May/09,ÓLEO DIESEL,29821,R$/l,2.122,0.095,1.900,2.790,0.204,0.045,1.918,0.069,1.750,2.373,0.036
Jun/09,ÓLEO DIESEL,34408,R$/l,2.078,0.115,1.780,2.790,0.229,0.055,1.849,0.106,1.600,2.373,0.057
Jul/09,ÓLEO DIESEL,32999,R$/l,2.016,0.107,1.769,2.750,0.243,0.053,1.773,0.081,1.600,2.340,0.046
Aug/09,ÓLEO DIESEL,15526,R$/l,2.009,0.108,1.499,2.750,0.239,0.054,1.770,0.079,0.956,2.318,0.045
Sep/09,ÓLEO DIESEL,14919,R$/l,1.998,0.111,1.199,2.750,0.234,0.056,1.764,0.084,0.876,2.263,0.048
Oct/09,ÓLEO DIESEL,22354,R$/l,2.000,0.112,1.490,2.890,0.238,0.056,1.762,0.080,1.090,2.265,0.045
Nov/09,ÓLEO DIESEL,26935,R$/l,2.002,0.112,1.229,2.890,0.240,0.056,1.762,0.079,1.050,2.298,0.045
Dec/09,ÓLEO DIESEL,30393,R$/l,1.999,0.108,1.030,2.750,0.238,0.054,1.761,0.075,1.175,2.268,0.043
Jan/10,ÓLEO DIESEL,26486,R$/l,2.005,0.105,1.699,2.750,0.234,0.052,1.771,0.072,1.231,2.190,0.041
Feb/10,ÓLEO DIESEL,27870,R$/l,2.008,0.108,1.500,2.750,0.234,0.054,1.774,0.071,1.331,2.234,0.040
Mar/10,ÓLEO DIESEL,36314,R$/l,2.007,0.109,1.449,2.750,0.233,0.054,1.774,0.070,1.208,2.218,0.039
Apr/10,ÓLEO DIESEL,29421,R$/l,2.005,0.109,1.690,2.820,0.232,0.054,1.773,0.070,1.355,2.179,0.039
May/10,ÓLEO DIESEL,30691,R$/l,2.003,0.111,1.650,2.750,0.232,0.055,1.771,0.070,1.310,2.224,0.040
Jun/10,ÓLEO DIESEL,35460,R$/l,2.002,0.109,1.599,2.750,0.232,0.054,1.770,0.070,1.242,2.141,0.040
Jul/10,ÓLEO DIESEL,29483,R$/l,2.002,0.110,1.699,2.829,0.232,0.055,1.770,0.070,1.304,2.150,0.040
Aug/10,ÓLEO DIESEL,34884,R$/l,1.999,0.109,1.448,2.750,0.232,0.055,1.767,0.068,1.324,2.085,0.038
Sep/10,ÓLEO DIESEL,31537,R$/l,1.998,0.110,1.648,2.750,0.230,0.055,1.768,0.071,1.470,2.085,0.040
Oct/10,ÓLEO DIESEL,29592,R$/l,2.000,0.109,1.699,2.750,0.233,0.055,1.767,0.073,1.222,2.212,0.041
Nov/10,ÓLEO DIESEL,36262,R$/l,2.000,0.110,1.580,2.750,0.236,0.055,1.764,0.075,1.185,2.213,0.043
Dec/10,ÓLEO DIESEL,30196,R$/l,2.000,0.111,1.699,2.750,0.237,0.056,1.763,0.076,1.201,2.237,0.043
Jan/11,ÓLEO DIESEL,33045,R$/l,2.009,0.112,1.690,2.720,0.231,0.056,1.778,0.078,1.576,2.212,0.044
Feb/11,ÓLEO DIESEL,26021,R$/l,2.016,0.108,1.449,2.880,0.229,0.054,1.787,0.073,1.517,2.300,0.041
Mar/11,ÓLEO DIESEL,37149,R$/l,2.025,0.111,1.699,2.820,0.235,0.055,1.790,0.077,1.195,2.300,0.043
Apr/11,ÓLEO DIESEL,29725,R$/l,2.032,0.114,1.020,2.826,0.241,0.056,1.791,0.080,1.230,2.330,0.045
May/11,ÓLEO DIESEL,35021,R$/l,2.030,0.112,1.699,2.980,0.241,0.055,1.789,0.078,1.420,2.330,0.044
Jun/11,ÓLEO DIESEL,31996,R$/l,2.026,0.114,1.730,2.890,0.240,0.056,1.786,0.080,1.173,2.330,0.045
Jul/11,ÓLEO DIESEL,29864,R$/l,2.028,0.112,1.699,2.790,0.238,0.055,1.790,0.079,1.438,2.280,0.044
Aug/11,ÓLEO DIESEL,36762,R$/l,2.027,0.112,1.729,2.800,0.236,0.055,1.791,0.078,1.540,2.359,0.044
Sep/11,ÓLEO DIESEL,30239,R$/l,2.027,0.113,1.749,2.800,0.237,0.056,1.790,0.080,1.540,2.379,0.045
Oct/11,ÓLEO DIESEL,33252,R$/l,2.029,0.114,1.699,2.799,0.231,0.056,1.798,0.083,1.607,2.389,0.046
Nov/11,ÓLEO DIESEL,33404,R$/l,2.030,0.113,1.749,2.810,0.229,0.056,1.801,0.081,1.564,2.389,0.045
Dec/11,ÓLEO DIESEL,29780,R$/l,2.032,0.113,1.749,2.799,0.227,0.056,1.805,0.083,1.481,2.351,0.046
Jan/12,ÓLEO DIESEL,35300,R$/l,2.038,0.112,1.700,2.800,0.224,0.055,1.814,0.082,1.519,2.257,0.045
Feb/12,ÓLEO DIESEL,30884,R$/l,2.040,0.115,1.669,2.800,0.223,0.056,1.817,0.085,1.181,2.373,0.047
Mar/12,ÓLEO DIESEL,30022,R$/l,2.042,0.113,1.680,2.949,0.224,0.055,1.818,0.084,1.029,2.359,0.046
Apr/12,ÓLEO DIESEL,30078,R$/l,2.045,0.112,1.680,2.800,0.228,0.055,1.817,0.085,1.481,2.390,0.047
May/12,ÓLEO DIESEL,36387,R$/l,2.045,0.113,1.739,2.790,0.231,0.055,1.814,0.087,1.418,2.390,0.048
Jun/12,ÓLEO DIESEL,29404,R$/l,2.045,0.113,1.729,2.800,0.234,0.055,1.811,0.087,1.301,2.353,0.048
Jul/12,ÓLEO DIESEL,33338,R$/l,2.076,0.118,1.739,2.940,0.236,0.057,1.840,0.093,1.299,2.367,0.051
Aug/12,ÓLEO DIESEL,32239,R$/l,2.131,0.112,1.797,2.950,0.233,0.053,1.898,0.083,1.512,2.397,0.044
Sep/12,ÓLEO DIESEL,28844,R$/l,2.136,0.111,1.790,2.950,0.232,0.052,1.904,0.083,1.639,2.437,0.044
Oct/12,ÓLEO DIESEL,35122,R$/l,2.145,0.112,1.799,2.950,0.227,0.052,1.918,0.085,1.650,2.570,0.044
Nov/12,ÓLEO DIESEL,29152,R$/l,2.148,0.113,1.800,2.950,0.223,0.053,1.925,0.084,1.638,2.570,0.044
Dec/12,ÓLEO DIESEL,29334,R$/l,2.151,0.112,1.869,2.950,0.224,0.052,1.927,0.081,1.660,2.570,0.042
Dec/12,ÓLEO DIESEL S10,100,R$/l,2.226,0.070,2.039,2.399,0.241,0.031,1.985,0.029,1.939,2.112,0.015
